{
  "epochs": [
    1,
    2,
    3,
    4,
    5,
    6,
    7,
    8,
    9,
    10,
    11,
    12,
    13,
    14,
    15,
    16,
    17,
    18,
    19,
    20
  ],
  "contrastive_loss": [
    0.04576494726245208,
    0.027282978467586094,
    0.02025947207227692,
    0.01521377685382162,
    0.012369218078749182,
    0.010258041743827445,
    0.008462588370675246,
    0.008159531226805638,
    0.00691231361964284,
    0.006252810253602121,
    0.005884397166359532,
    0.005550147232520954,
    0.0078525217285718,
    0.00476217341354436,
    0.004205447203620239,
    0.003866441398406463,
    0.004161393798082648,
    0.003946005989609243,
    0.004190681819611079,
    0.0033408471119954534
  ],
  "train_acc": [
    36.876,
    55.222,
    61.94,
    66.366,
    69.314,
    71.552,
    73.404,
    74.096,
    75.478,
    76.552,
    77.144,
    78.096,
    75.792,
    79.228,
    80.328,
    81.316,
    80.974,
    81.424,
    81.284,
    82.82
  ]
}