{
  "epochs": [
    1,
    2,
    3,
    4,
    5,
    6,
    7,
    8,
    9,
    10,
    11,
    12,
    13,
    14,
    15,
    16,
    17,
    18,
    19,
    20
  ],
  "contrastive_loss": [
    4.3826443112414815,
    4.0447663010843575,
    3.840504377394381,
    3.6898096815094616,
    3.5737597936254635,
    3.469994113878216,
    3.3959348982252426,
    3.3212616687540506,
    3.247932426764837,
    3.176052731321291,
    3.131202745315669,
    3.0800155361595056,
    3.0311353383466715,
    3.0014496794746965,
    2.9724017226177715,
    2.9298740652820947,
    2.8922505348234835,
    2.8763682549566867,
    2.8598000039834806,
    2.8223870782291187
  ],
  "train_acc": [
    39.384,
    62.878,
    71.402,
    76.778,
    79.722,
    82.43,
    84.26,
    85.748,
    87.112,
    88.558,
    89.366,
    89.88,
    90.636,
    91.072,
    91.486,
    92.276,
    92.622,
    92.668,
    92.842,
    93.39
  ]
}