{
  "epochs": [
    1,
    2,
    3,
    4,
    5,
    6,
    7,
    8,
    9,
    10,
    11,
    12,
    13,
    14,
    15,
    16,
    17,
    18,
    19,
    20
  ],
  "contrastive_loss": [
    0.9350784581030727,
    0.74579763946021,
    0.674748324524716,
    0.6299566396362032,
    0.5954754051497525,
    0.5682961506306973,
    0.5447474730289196,
    0.5231473439794672,
    0.502488888285654,
    0.4833185337388607,
    0.46895929218253213,
    0.45470917316348963,
    0.44180040149127736,
    0.4263967617850779,
    0.41415294517031714,
    0.40954078829197016,
    0.3978533266907763,
    0.38972390437370064,
    0.3835439945730712,
    0.37623100360031325
  ],
  "train_acc": [
    45.568,
    68.334,
    75.204,
    78.726,
    81.354,
    83.412,
    84.806,
    86.07,
    87.4,
    88.17,
    88.898,
    89.29,
    89.93,
    90.374,
    90.876,
    90.784,
    91.27,
    91.424,
    91.566,
    91.858
  ]
}