{
  "epochs": [
    1,
    2,
    3,
    4,
    5,
    6,
    7,
    8,
    9,
    10,
    11,
    12,
    13,
    14,
    15,
    16,
    17,
    18,
    19,
    20
  ],
  "contrastive_loss": [
    0.9602425319459432,
    0.8020267000283732,
    0.7443093418160363,
    0.7064047138709242,
    0.679128117116211,
    0.6558199360242585,
    0.6329428654192658,
    0.6151033834270809,
    0.5963987990870805,
    0.5839800636481751,
    0.5692737691695123,
    0.5540995053623033,
    0.5433531652021286,
    0.5284942768876205,
    0.524268137143396,
    0.5091278123886079,
    0.5016871981151269,
    0.4957275973713916,
    0.4836727726032667,
    0.47870596465857135
  ],
  "train_acc": [
    45.352,
    67.988,
    74.214,
    77.788,
    80.262,
    81.962,
    83.672,
    84.836,
    85.872,
    86.718,
    87.332,
    87.982,
    88.408,
    88.908,
    88.982,
    89.792,
    89.858,
    90.208,
    90.518,
    90.598
  ]
}