{
  "epochs": [
    1,
    2,
    3,
    4,
    5,
    6,
    7,
    8,
    9,
    10,
    11,
    12,
    13,
    14,
    15,
    16,
    17,
    18,
    19,
    20
  ],
  "contrastive_loss": [
    0.975332765628005,
    0.8371768232501681,
    0.7854770261918187,
    0.7527865308629887,
    0.7243771153642699,
    0.702978946516276,
    0.6822651606386579,
    0.6647320156512053,
    0.6480150276132862,
    0.6339544284983974,
    0.6203606630225316,
    0.6067259432104848,
    0.5951952241418307,
    0.58440381540057,
    0.5805714295038482,
    0.5710779843123063,
    0.5634172589272795,
    0.5571294300391546,
    0.5528091826402318,
    0.543745615903069
  ],
  "train_acc": [
    45.38,
    67.64,
    74.726,
    78.672,
    81.182,
    83.07,
    84.842,
    86.122,
    87.12,
    88.012,
    88.69,
    89.39,
    89.974,
    90.612,
    90.448,
    90.938,
    91.394,
    91.684,
    91.808,
    92.182
  ]
}