{
  "epochs": [
    1,
    2,
    3,
    4,
    5,
    6,
    7,
    8,
    9,
    10,
    11,
    12,
    13,
    14,
    15,
    16,
    17,
    18,
    19,
    20
  ],
  "contrastive_loss": [
    0.9950078455993282,
    0.8845821372078507,
    0.834732678692664,
    0.8008415895654722,
    0.7739697831975835,
    0.7522680472839823,
    0.7344888063038096,
    0.7176086695297904,
    0.7010136362536789,
    0.6870857472614864,
    0.6754613271759599,
    0.6616490123521946,
    0.6540951253203175,
    0.6405082436473778,
    0.6346814960165097,
    0.6261756025311892,
    0.620056752353678,
    0.61522005372645,
    0.6080254878839264,
    0.6048760141253167
  ],
  "train_acc": [
    41.38,
    64.01,
    72.428,
    77.018,
    80.232,
    82.512,
    84.316,
    85.706,
    87.088,
    88.08,
    88.892,
    89.786,
    90.282,
    91.01,
    91.5,
    91.754,
    92.122,
    92.284,
    92.642,
    92.808
  ]
}