{
  "epochs": [
    1,
    2,
    3,
    4,
    5,
    6,
    7,
    8,
    9,
    10,
    11,
    12,
    13,
    14,
    15,
    16,
    17,
    18,
    19,
    20
  ],
  "contrastive_loss": [
    1.053140672576397,
    0.5854418607776427,
    0.40484757549927364,
    0.3200325881276289,
    0.27492761810112487,
    0.23841445822545024,
    0.220233975964434,
    0.20222822382398273,
    0.18878552491021583,
    0.1706568479271191,
    0.16177886221414942,
    0.15238745421018746,
    0.14529261601817273,
    0.14478863165963946,
    0.13088254401903324,
    0.1286573892892779,
    0.12151713002368313,
    0.11775340944947794,
    0.11325724280970481,
    0.11200996250142832
  ],
  "train_acc": [
    45.222,
    65.344,
    71.848,
    74.764,
    76.67,
    78.132,
    78.868,
    79.92,
    80.556,
    81.61,
    82.038,
    82.702,
    83.156,
    83.362,
    84.142,
    84.642,
    85.14,
    85.282,
    85.718,
    86.052
  ]
}