{
  "epochs": [
    1,
    2,
    3,
    4,
    5,
    6,
    7,
    8,
    9,
    10,
    11,
    12,
    13,
    14,
    15,
    16,
    17,
    18,
    19,
    20
  ],
  "contrastive_loss": [
    3.2160966920730707,
    1.9676143577336656,
    1.5457085050890207,
    1.3388780326489598,
    1.205377488489956,
    1.1288015307367916,
    1.0334180506598918,
    0.9749392324396412,
    0.9337887303603579,
    0.8765454842611347,
    0.8517818572118764,
    0.8034506286196696,
    0.7768728147687205,
    0.7480041389270207,
    0.718566395742509,
    0.7049645609258081,
    0.6652279468753454,
    0.6605340602529018,
    0.6331724841576403,
    0.611507295495104
  ],
  "train_acc": [
    47.586,
    69.104,
    74.928,
    78.134,
    79.968,
    81.148,
    82.528,
    83.62,
    84.444,
    85.298,
    86.024,
    86.566,
    86.95,
    87.512,
    87.97,
    88.166,
    88.806,
    88.816,
    89.222,
    89.536
  ]
}