{
  "epochs": [
    1,
    2,
    3,
    4,
    5,
    6,
    7,
    8,
    9,
    10,
    11,
    12,
    13,
    14,
    15,
    16,
    17,
    18,
    19,
    20
  ],
  "contrastive_loss": [
    3.351314879439371,
    2.464465690390838,
    2.190974219070981,
    2.0391461510792412,
    1.9368333048222925,
    1.8684885541496374,
    1.7941429462579206,
    1.7453620726495143,
    1.7053679965646065,
    1.659787518289083,
    1.6353114178723387,
    1.596371742770495,
    1.5669453488591383,
    1.535933925062799,
    1.5273780758728457,
    1.4964923876935563,
    1.486736379925857,
    1.4661683481367653,
    1.4393560331495827,
    1.4324501685779114
  ],
  "train_acc": [
    48.626,
    69.09,
    75.046,
    78.326,
    80.43,
    81.972,
    83.342,
    84.388,
    85.338,
    86.096,
    86.654,
    87.37,
    87.956,
    88.254,
    88.446,
    89.012,
    89.172,
    89.486,
    89.88,
    89.982
  ]
}