{
  "epochs": [
    1,
    2,
    3,
    4,
    5,
    6,
    7,
    8,
    9,
    10,
    11,
    12,
    13,
    14,
    15,
    16,
    17,
    18,
    19,
    20
  ],
  "contrastive_loss": [
    3.2340739349574994,
    2.1799268640215743,
    1.8127032466556714,
    1.6281653441431578,
    1.5040717530433478,
    1.4271326453789421,
    1.334525266876611,
    1.28222224276389,
    1.2037402835038618,
    1.1757644770090536,
    1.1191497759136093,
    1.1078092359825777,
    1.066050476125439,
    1.0271421855367968,
    0.9928451220092871,
    0.9676186640549194,
    0.9492756802102794,
    0.94935929180716,
    0.9160132754946608,
    0.889288233292987
  ],
  "train_acc": [
    46.67,
    69.064,
    75.352,
    78.652,
    80.638,
    82.096,
    83.716,
    84.646,
    85.772,
    86.478,
    87.318,
    87.542,
    88.084,
    88.814,
    89.332,
    89.66,
    89.882,
    90.018,
    90.488,
    90.808
  ]
}