{
  "epochs": [
    1,
    2,
    3,
    4,
    5,
    6,
    7,
    8,
    9,
    10,
    11,
    12,
    13,
    14,
    15,
    16,
    17,
    18,
    19,
    20
  ],
  "contrastive_loss": [
    3.5191656799267625,
    2.916838347149627,
    2.7215385132128627,
    2.613137464084284,
    2.536835019240904,
    2.4826993716647254,
    2.4316074500608322,
    2.392852939608152,
    2.360925321383854,
    2.336064945401438,
    2.3073475318186727,
    2.281626430009027,
    2.2629181052107947,
    2.2439078491971927,
    2.243745363886704,
    2.2215053812622108,
    2.1933389472229705,
    2.173605056674889,
    2.1798837151368864,
    2.171514283970494
  ],
  "train_acc": [
    48.932,
    68.134,
    74.64,
    77.786,
    80.188,
    81.856,
    83.144,
    84.402,
    85.254,
    86.152,
    86.814,
    87.408,
    87.862,
    88.472,
    88.456,
    88.98,
    89.65,
    90.086,
    89.96,
    90.112
  ]
}