{
  "epochs": [
    1,
    2,
    3,
    4,
    5,
    6,
    7,
    8,
    9,
    10,
    11,
    12,
    13,
    14,
    15,
    16,
    17,
    18,
    19,
    20
  ],
  "contrastive_loss": [
    1.0814414737779465,
    0.6288138910022842,
    0.4701085242316546,
    0.391389716235573,
    0.3480730707306996,
    0.316030098044354,
    0.28899654814654296,
    0.2730766021458389,
    0.24891948227382377,
    0.23806983102922855,
    0.2243225394421831,
    0.2160062753331021,
    0.20716796701064194,
    0.19613180155187007,
    0.18647315810479775,
    0.1838183737243228,
    0.1753015125079838,
    0.1693174407229094,
    0.1648452798157092,
    0.1587566345110726
  ],
  "train_acc": [
    43.742,
    65.038,
    72.38,
    75.902,
    78.13,
    79.732,
    81.116,
    82.324,
    83.408,
    84.44,
    85.276,
    85.81,
    86.63,
    87.28,
    87.892,
    88.234,
    88.79,
    89.294,
    89.536,
    89.95
  ]
}