{
  "epochs": [
    1,
    2,
    3,
    4,
    5,
    6,
    7,
    8,
    9,
    10,
    11,
    12,
    13,
    14,
    15,
    16,
    17,
    18,
    19,
    20
  ],
  "contrastive_loss": [
    1.4113027043354787,
    0.8403785195192108,
    0.6570396789961763,
    0.5661238234518738,
    0.5138225775697957,
    0.46610155278611975,
    0.4368589307798449,
    0.41182267841170817,
    0.3904756701282223,
    0.37576537703156776,
    0.3469266027135922,
    0.33755798001423515,
    0.32232038970188714,
    0.3108075739020277,
    0.2970586261328529,
    0.28230023567024093,
    0.27472783606070694,
    0.2640324267737396,
    0.2589769653804467,
    0.24927547162451097
  ],
  "train_acc": [
    44.978,
    66.854,
    73.402,
    76.692,
    78.614,
    80.458,
    81.59,
    82.728,
    83.65,
    84.236,
    85.352,
    86.022,
    86.554,
    86.994,
    87.708,
    88.236,
    88.482,
    88.868,
    89.164,
    89.44
  ]
}