{
  "epochs": [
    1,
    2,
    3,
    4,
    5,
    6,
    7,
    8,
    9,
    10,
    11,
    12,
    13,
    14,
    15,
    16,
    17,
    18,
    19,
    20
  ],
  "contrastive_loss": [
    0.153613231085298,
    0.10318097756113238,
    0.07731532315959407,
    0.060776657193822935,
    0.04890675437839135,
    0.041688612455030534,
    0.03647811272088677,
    0.03058639040116764,
    0.02820768757530338,
    0.026357123630640605,
    0.024366455533734673,
    0.022357681208787977,
    0.02205855100441848,
    0.02092274010438672,
    0.020067949095726623,
    0.02013043912789782,
    0.019639527010719488,
    0.017922136441940236,
    0.017198309715589524,
    0.015805270161975145
  ],
  "train_acc": [
    36.938,
    55.43,
    62.658,
    67.062,
    69.942,
    71.786,
    72.962,
    75.024,
    75.646,
    76.472,
    77.666,
    78.306,
    78.798,
    79.448,
    80.04,
    80.146,
    80.504,
    81.476,
    82.002,
    82.998
  ]
}