{
  "epochs": [
    1,
    2,
    3,
    4,
    5,
    6,
    7,
    8,
    9,
    10,
    11,
    12,
    13,
    14,
    15,
    16,
    17,
    18,
    19,
    20
  ],
  "contrastive_loss": [
    3.1330215229707608,
    2.10234664346251,
    1.765055484783924,
    1.6037687499199986,
    1.4724709844345327,
    1.3927699676560015,
    1.3042286642067267,
    1.2611519198893282,
    1.1941475022174513,
    1.150791133151335,
    1.1230580933258663,
    1.0924436414943022,
    1.0358524244764578,
    1.017057380255531,
    0.978673904143331,
    0.9785368530951497,
    0.9307404072083476,
    0.9059672871666491,
    0.8980976061138046,
    0.8800161456512978
  ],
  "train_acc": [
    48.418,
    70.662,
    76.474,
    79.22,
    81.54,
    83.016,
    84.398,
    85.396,
    86.516,
    87.048,
    87.66,
    88.288,
    88.996,
    89.38,
    89.9,
    89.922,
    90.468,
    91.02,
    91.198,
    91.27
  ]
}