{
  "epochs": [
    1,
    2,
    3,
    4,
    5,
    6,
    7,
    8,
    9,
    10,
    11,
    12,
    13,
    14,
    15,
    16,
    17,
    18,
    19,
    20
  ],
  "contrastive_loss": [
    0.6542469606832471,
    0.377450268172547,
    0.271528872839935,
    0.22522260237227926,
    0.19627722669059358,
    0.1735192669550781,
    0.15755850189101056,
    0.14474446524668227,
    0.135587882260075,
    0.12536197588266923,
    0.12267069820590946,
    0.11441540188344239,
    0.10810633278106485,
    0.10313343191924303,
    0.09954205995706646,
    0.09867168014959606,
    0.09319138674594252,
    0.09067056827304308,
    0.08735779123118771,
    0.08347192847782084
  ],
  "train_acc": [
    44.09,
    64.434,
    71.36,
    74.948,
    76.806,
    78.472,
    79.832,
    80.838,
    81.644,
    82.96,
    83.398,
    84.204,
    85.12,
    85.616,
    86.256,
    86.48,
    87.132,
    87.362,
    87.932,
    88.266
  ]
}