{
  "epochs": [
    1,
    2,
    3,
    4,
    5,
    6,
    7,
    8,
    9,
    10,
    11,
    12,
    13,
    14,
    15,
    16,
    17,
    18,
    19,
    20
  ],
  "contrastive_loss": [
    4.386614337906508,
    3.1556081704776306,
    2.7423178509373187,
    2.5432035444337693,
    2.392288372949566,
    2.2833142515338594,
    2.193303607613839,
    2.1192689624893695,
    2.051689931803652,
    1.9863777447234638,
    1.9528458398931168,
    1.9120160527241505,
    1.8770498555639517,
    1.837208749388185,
    1.7870757220041416,
    1.7796229087483242,
    1.7216593115530965,
    1.7334889286314434,
    1.6949812957392933,
    1.6626163821696016
  ],
  "train_acc": [
    48.75,
    70.3,
    75.6,
    78.602,
    80.516,
    82.128,
    83.214,
    84.19,
    85.37,
    85.962,
    86.398,
    87.15,
    87.236,
    87.902,
    88.598,
    88.532,
    89.176,
    88.966,
    89.466,
    89.824
  ]
}