{
  "epochs": [
    1,
    2,
    3,
    4,
    5,
    6,
    7,
    8,
    9,
    10,
    11,
    12,
    13,
    14,
    15,
    16,
    17,
    18,
    19,
    20
  ],
  "contrastive_loss": [
    0.9055146051337347,
    0.5200729425758353,
    0.38152707995051316,
    0.3151020089454968,
    0.2727951654006758,
    0.24410606295708806,
    0.22648095219488948,
    0.20755361876143213,
    0.19403044471655356,
    0.18231200950834758,
    0.17192457016090604,
    0.1629566695836499,
    0.1546984641524532,
    0.15139706051715499,
    0.1433042537449571,
    0.13678524989987273,
    0.13558906732160417,
    0.12843383757202217,
    0.12370857962257112,
    0.12118979159485349
  ],
  "train_acc": [
    41.294,
    64.05,
    71.388,
    75.024,
    77.494,
    79.136,
    80.132,
    81.592,
    82.508,
    83.376,
    84.348,
    84.764,
    85.76,
    86.064,
    86.798,
    87.25,
    87.476,
    88.042,
    88.626,
    88.866
  ]
}