{
  "epochs": [
    1,
    2,
    3,
    4,
    5,
    6,
    7,
    8,
    9,
    10,
    11,
    12,
    13,
    14,
    15,
    16,
    17,
    18,
    19,
    20
  ],
  "contrastive_loss": [
    3.0756227076815827,
    2.0549197343304333,
    1.7009890378283723,
    1.527414524341788,
    1.4152701641897412,
    1.324707644979667,
    1.247561370472774,
    1.2001122835347109,
    1.1459251067522542,
    1.1008834408982027,
    1.0527325095727926,
    1.0342956645714352,
    0.9911776706385795,
    0.9588212922710897,
    0.9272982682413458,
    0.9179763194850034,
    0.8847270264954823,
    0.853890812381759,
    0.8627955834274097,
    0.8362189425379419
  ],
  "train_acc": [
    48.5,
    69.012,
    75.432,
    78.47,
    80.636,
    82.15,
    83.728,
    84.592,
    85.562,
    86.33,
    87.228,
    87.61,
    88.148,
    88.766,
    89.178,
    89.266,
    89.83,
    90.346,
    90.216,
    90.502
  ]
}