{
  "epochs": [
    1,
    2,
    3,
    4,
    5,
    6,
    7,
    8,
    9,
    10,
    11,
    12,
    13,
    14,
    15,
    16,
    17,
    18,
    19,
    20
  ],
  "contrastive_loss": [
    0.7545554011374178,
    0.41059598235218114,
    0.29985321597065157,
    0.2467014771669417,
    0.21630120023970714,
    0.19393247695606383,
    0.17268932717459282,
    0.15892159188037638,
    0.15121008922605564,
    0.14041230278780392,
    0.13155253570707862,
    0.1292611683249626,
    0.12266217712360575,
    0.11740140679775907,
    0.10833833718200779,
    0.10700354544098115,
    0.10626449311137809,
    0.10224592127382298,
    0.0962074793436948,
    0.09735625505904712
  ],
  "train_acc": [
    42.65,
    65.776,
    72.736,
    76.1,
    78.136,
    79.754,
    81.214,
    82.47,
    83.35,
    84.13,
    85.286,
    85.548,
    86.186,
    86.872,
    87.498,
    88.058,
    88.114,
    88.598,
    89.342,
    89.322
  ]
}