{
  "epochs": [
    1,
    2,
    3,
    4,
    5,
    6,
    7,
    8,
    9,
    10,
    11,
    12,
    13,
    14,
    15,
    16,
    17,
    18,
    19,
    20
  ],
  "contrastive_loss": [
    0.4589113530981571,
    0.26499734952321746,
    0.19059517263146616,
    0.15098259916238468,
    0.12878499620253472,
    0.11464468830877253,
    0.10138236926606549,
    0.09338998016151016,
    0.0866983614938186,
    0.08267105108751055,
    0.07514739714924941,
    0.07261600253908225,
    0.07052071912742941,
    0.06564131454395516,
    0.0646734610771584,
    0.062423485528934945,
    0.06040352771577932,
    0.059391277949409106,
    0.055284065263503046,
    0.05190774762188382
  ],
  "train_acc": [
    40.592,
    61.646,
    68.96,
    72.53,
    74.614,
    76.328,
    77.732,
    78.636,
    79.474,
    80.152,
    81.072,
    81.834,
    82.292,
    83.218,
    83.612,
    83.948,
    84.262,
    84.906,
    85.344,
    85.876
  ]
}