{
  "epochs": [
    1,
    2,
    3,
    4,
    5,
    6,
    7,
    8,
    9,
    10,
    11,
    12,
    13,
    14,
    15,
    16,
    17,
    18,
    19,
    20
  ],
  "contrastive_loss": [
    1.4306181045749304,
    0.8410346379975224,
    0.6553563495426227,
    0.5620325674181399,
    0.5092368751688077,
    0.4662963142023062,
    0.42604495200049847,
    0.4043585678653034,
    0.3793579150953561,
    0.3641593205120862,
    0.34488900889978386,
    0.321530234402098,
    0.31278580918793786,
    0.30185709489733364,
    0.2894422890585097,
    0.27997557081453633,
    0.26797689101122835,
    0.2589915772456952,
    0.25162833305957066,
    0.24773736347627762
  ],
  "train_acc": [
    45.712,
    67.51,
    73.75,
    76.706,
    78.69,
    80.526,
    81.922,
    83.016,
    84.196,
    84.724,
    85.678,
    86.752,
    87.144,
    87.608,
    88.406,
    88.684,
    89.118,
    89.498,
    89.56,
    89.914
  ]
}