{
  "epochs": [
    1,
    2,
    3,
    4,
    5,
    6,
    7,
    8,
    9,
    10,
    11,
    12,
    13,
    14,
    15,
    16,
    17,
    18,
    19,
    20
  ],
  "contrastive_loss": [
    3.6564542869167864,
    2.5512975841531973,
    2.1579857970137732,
    1.9213722611937072,
    1.7986509516415998,
    1.6965356089574906,
    1.6031611862085056,
    1.5402416759134863,
    1.478723472646435,
    1.4226137251805162,
    1.3734194755249316,
    1.3394557170550843,
    1.3009807621426595,
    1.2686046553999566,
    1.2328880418596975,
    1.2107008003517794,
    1.1782841293708137,
    1.1526965425752314,
    1.1475382477731046,
    1.119052459669235
  ],
  "train_acc": [
    46.992,
    68.86,
    75.17,
    78.474,
    80.638,
    82.298,
    83.842,
    84.854,
    85.618,
    86.494,
    87.36,
    87.884,
    88.286,
    88.688,
    89.398,
    89.574,
    89.906,
    90.262,
    90.41,
    90.67
  ]
}