{
  "epochs": [
    1,
    2,
    3,
    4,
    5,
    6,
    7,
    8,
    9,
    10
  ],
  "train_loss": [
    1.41099860494399,
    0.9699528392623452,
    0.804611377398986,
    0.6957784103767951,
    0.6141408510372767,
    0.5481666135208686,
    0.483057250985709,
    0.4232316395205915,
    0.3766315816460973,
    0.3268890470799888
  ],
  "train_acc": [
    48.768,
    65.668,
    71.77,
    75.644,
    78.586,
    80.94,
    83.182,
    85.16,
    86.75,
    88.278
  ]
}