{
  "epochs": [
    1,
    2,
    3,
    4,
    5,
    6,
    7,
    8,
    9,
    10,
    11,
    12,
    13,
    14,
    15,
    16,
    17,
    18,
    19,
    20,
    21,
    22,
    23,
    24,
    25,
    26,
    27,
    28,
    29,
    30,
    31,
    32,
    33,
    34,
    35,
    36,
    37,
    38,
    39,
    40,
    41,
    42,
    43,
    44,
    45,
    46,
    47,
    48,
    49,
    50
  ],
  "contrastive_loss": [
    5.271029482107333,
    4.04171663781871,
    3.2478842985294665,
    2.668455664763975,
    2.2625555671999216,
    1.964518395531208,
    1.716033928839447,
    1.518945519576597,
    1.3585844184736462,
    1.2164575620685392,
    1.0884162768378587,
    0.9882138857756124,
    0.8809576126010826,
    0.8038930415802295,
    0.7128355470307343,
    0.6404786607645967,
    0.5821123851839539,
    0.5375421903932186,
    0.48501405996434827,
    0.4435434528171559,
    0.40853722130551057,
    0.36713946662138186,
    0.3345810506502381,
    0.3224685735943372,
    0.29594466254076995,
    0.2760212576335958,
    0.25743070492506637,
    0.24712327250358088,
    0.24040150375622313,
    0.2284242623221234,
    0.22359429511344037,
    0.2094309643063399,
    0.2037268516505161,
    0.1888621114861325,
    0.1791009240595581,
    0.17593165593760093,
    0.18160976945896587,
    0.17725719166609943,
    0.16279302588890276,
    0.15441637055572036,
    0.14887755693834456,
    0.15626349827974959,
    0.14988237992881814,
    0.15044437154479648,
    0.1418000469389169,
    0.13431414468285371,
    0.14561719239672735,
    0.13439691573610085,
    0.13425314519792567,
    0.13201181718226893
  ],
  "train_acc": [
    13.066,
    30.712,
    43.432,
    52.792,
    59.194,
    64.6,
    69.044,
    72.556,
    75.504,
    78.37,
    80.638,
    83.156,
    85.43,
    87.112,
    88.67,
    90.254,
    91.726,
    92.598,
    93.778,
    94.384,
    95.2,
    95.892,
    96.524,
    96.92,
    97.32,
    97.464,
    97.914,
    98.048,
    98.06,
    98.322,
    98.45,
    98.586,
    98.668,
    98.808,
    98.876,
    98.954,
    98.934,
    99.048,
    99.09,
    99.208,
    99.254,
    99.144,
    99.284,
    99.204,
    99.276,
    99.316,
    99.314,
    99.394,
    99.374,
    99.362
  ]
}