{
  "epochs": [
    1,
    2,
    3,
    4,
    5,
    6,
    7,
    8,
    9,
    10,
    11,
    12,
    13,
    14,
    15,
    16,
    17,
    18,
    19,
    20,
    21,
    22,
    23,
    24,
    25,
    26,
    27,
    28,
    29,
    30,
    31,
    32,
    33,
    34,
    35,
    36,
    37,
    38,
    39,
    40,
    41,
    42,
    43,
    44,
    45,
    46,
    47,
    48,
    49,
    50
  ],
  "contrastive_loss": [
    3.1473925949057655,
    2.1356218400818614,
    1.5530759212001206,
    1.2163501901699758,
    0.9909769491771298,
    0.8313434610281454,
    0.7134983891721272,
    0.6199408907567143,
    0.5432498929903026,
    0.4733573337802497,
    0.4147525143897747,
    0.3714039770843428,
    0.32807825349480907,
    0.29426150218300196,
    0.25956930174394643,
    0.2390578144499103,
    0.2111883221951592,
    0.1886691001560682,
    0.172630050584026,
    0.15505093137931336,
    0.14614388510546722,
    0.13653783311548134,
    0.12783596081578213,
    0.11509575313695557,
    0.11535320508167567,
    0.10385835125966145,
    0.09324583221617562,
    0.09106339899170429,
    0.0905813127184463,
    0.08996389310835573,
    0.08230592616264472,
    0.07473546261791988,
    0.07059007592003821,
    0.0720157965808116,
    0.07082247408226018,
    0.06284917262204164,
    0.05938606478674028,
    0.05288229762669414,
    0.058463233806516815,
    0.06160338885624848,
    0.05493201716514805,
    0.04786769386447604,
    0.054055233026290186,
    0.05211015006579706,
    0.04511137937417116,
    0.04599418007123196,
    0.04859730930489195,
    0.04550923470912687,
    0.04128232795526,
    0.046390670049182896
  ],
  "train_acc": [
    12.138,
    29.334,
    42.296,
    51.068,
    57.694,
    62.18,
    66.176,
    69.454,
    72.112,
    74.968,
    77.412,
    79.872,
    81.534,
    83.618,
    85.468,
    86.57,
    88.316,
    89.55,
    90.898,
    91.794,
    92.406,
    93.25,
    93.688,
    94.456,
    94.636,
    95.512,
    96.03,
    96.218,
    96.448,
    96.408,
    96.744,
    97.176,
    97.48,
    97.386,
    97.596,
    97.866,
    97.932,
    98.28,
    98.006,
    98.02,
    98.172,
    98.492,
    98.404,
    98.264,
    98.666,
    98.608,
    98.546,
    98.648,
    98.764,
    98.622
  ]
}