{
  "epochs": [
    1,
    2,
    3,
    4,
    5,
    6,
    7,
    8,
    9,
    10,
    11,
    12,
    13,
    14,
    15,
    16,
    17,
    18,
    19,
    20,
    21,
    22,
    23,
    24,
    25,
    26,
    27,
    28,
    29,
    30,
    31,
    32,
    33,
    34,
    35,
    36,
    37,
    38,
    39,
    40,
    41,
    42,
    43,
    44,
    45,
    46,
    47,
    48,
    49,
    50
  ],
  "contrastive_loss": [
    2.5514939889273682,
    1.5968616136809444,
    1.1020481002605176,
    0.8392113206331687,
    0.6735932455800683,
    0.555305421199945,
    0.47337452438481326,
    0.40543371095986624,
    0.3482098663630693,
    0.30808618988679803,
    0.2712651615786126,
    0.23491324892129434,
    0.20820328196906068,
    0.18957380529331125,
    0.1672532369794748,
    0.1510379524791942,
    0.1343064493573535,
    0.1196430379053211,
    0.1139064642226757,
    0.10564753117844881,
    0.09290092207891557,
    0.08790719800669214,
    0.08298873699382138,
    0.0809511695238178,
    0.07195797842710525,
    0.06950958304659789,
    0.06242918256965592,
    0.060116238101287876,
    0.05776507722790284,
    0.05651143699636697,
    0.060588041325206954,
    0.04695991608683411,
    0.04491421667015766,
    0.0448470041441643,
    0.04755491133102828,
    0.04172539287496863,
    0.04337828452972805,
    0.0389494588431876,
    0.03963955892416675,
    0.03579880044464489,
    0.03439951833347073,
    0.031791953422376874,
    0.035839155516432374,
    0.0354780942139685,
    0.02895161678628696,
    0.03072801013203228,
    0.03186357596560436,
    0.023306609450570306,
    0.030521295876587595,
    0.029299098271828937
  ],
  "train_acc": [
    11.94,
    28.934,
    41.676,
    50.084,
    55.726,
    60.678,
    64.046,
    67.31,
    70.366,
    72.646,
    74.46,
    77.558,
    78.94,
    80.616,
    82.208,
    83.76,
    85.258,
    86.446,
    87.47,
    88.31,
    89.728,
    90.28,
    90.916,
    91.566,
    92.368,
    92.694,
    93.39,
    93.812,
    94.342,
    94.518,
    94.302,
    95.276,
    95.722,
    95.732,
    95.804,
    96.2,
    96.228,
    96.578,
    96.734,
    96.928,
    97.08,
    97.37,
    97.43,
    97.334,
    97.702,
    97.7,
    97.592,
    98.044,
    97.806,
    97.868
  ]
}