{
  "epochs": [
    1,
    2,
    3,
    4,
    5,
    6,
    7,
    8,
    9,
    10,
    11,
    12,
    13,
    14,
    15,
    16,
    17,
    18,
    19,
    20,
    21,
    22,
    23,
    24,
    25,
    26,
    27,
    28,
    29,
    30,
    31,
    32,
    33,
    34,
    35,
    36,
    37,
    38,
    39,
    40,
    41,
    42,
    43,
    44,
    45,
    46,
    47,
    48,
    49,
    50
  ],
  "contrastive_loss": [
    5.327130922576046,
    3.7713326852949685,
    2.8696703679116484,
    2.2725898167666267,
    1.869168330946237,
    1.5868900069190413,
    1.3599613903428587,
    1.180163136223698,
    1.0486448172413174,
    0.9155833349203515,
    0.8087615034616816,
    0.7190333017912667,
    0.6365878135347001,
    0.5749711742638932,
    0.5083825137761547,
    0.4559015646157667,
    0.4120628511356881,
    0.372823597639418,
    0.32673524644063867,
    0.3021050282680165,
    0.27676089546259713,
    0.24995991416142116,
    0.23302625843783473,
    0.21543652850115086,
    0.2046300545334816,
    0.18929892761246933,
    0.16643451405760576,
    0.16551199838366654,
    0.15920246405827115,
    0.15019158620739836,
    0.13949496155161686,
    0.1351518120302264,
    0.13123651287134955,
    0.12330970815037523,
    0.11371021882614211,
    0.11470507293977701,
    0.10995623098729211,
    0.10096250960360402,
    0.09029958703938652,
    0.09329468001375722,
    0.09014007697343979,
    0.0950634608526364,
    0.08481778804679661,
    0.08518022392659694,
    0.07848326188257283,
    0.09197036658063569,
    0.07415501982488139,
    0.0696609793874004,
    0.07099411961005624,
    0.07242739869905707
  ],
  "train_acc": [
    12.778,
    31.384,
    44.416,
    52.986,
    59.312,
    63.896,
    67.792,
    71.104,
    74.062,
    76.536,
    78.65,
    81.1,
    83.098,
    84.646,
    86.428,
    87.66,
    88.988,
    90.346,
    91.322,
    92.124,
    92.974,
    93.758,
    94.46,
    94.916,
    95.304,
    95.666,
    96.31,
    96.396,
    96.646,
    96.904,
    97.312,
    97.436,
    97.648,
    97.508,
    97.99,
    98.004,
    98.194,
    98.244,
    98.516,
    98.478,
    98.48,
    98.518,
    98.614,
    98.636,
    98.824,
    98.684,
    98.892,
    98.976,
    98.976,
    99.016
  ]
}