{
  "epochs": [
    1,
    2,
    3,
    4,
    5,
    6,
    7,
    8,
    9,
    10,
    11,
    12,
    13,
    14,
    15,
    16,
    17,
    18,
    19,
    20,
    21,
    22,
    23,
    24,
    25,
    26,
    27,
    28,
    29,
    30,
    31,
    32,
    33,
    34,
    35,
    36,
    37,
    38,
    39,
    40,
    41,
    42,
    43,
    44,
    45,
    46,
    47,
    48,
    49,
    50
  ],
  "contrastive_loss": [
    5.2541505381884175,
    3.9799473785683324,
    3.2000684543034,
    2.637415096887847,
    2.243859370956031,
    1.9349331898457558,
    1.6991108082749349,
    1.4973926214915712,
    1.333212250943684,
    1.1917995155010077,
    1.072169899483166,
    0.9606592673474871,
    0.8651631605594664,
    0.773705297571314,
    0.702540192838825,
    0.6264357346555461,
    0.5657356706116815,
    0.5179898782306925,
    0.4572084387549964,
    0.4296508598358125,
    0.383779151055514,
    0.3602653377882355,
    0.3466495875354923,
    0.30930277617538676,
    0.2851525184595981,
    0.2723926766525449,
    0.24876291219078367,
    0.2386144366296356,
    0.2266810912915203,
    0.21181125565410575,
    0.21258364846486874,
    0.2041681850200419,
    0.19068579009884154,
    0.17722088544417525,
    0.17910199269385593,
    0.17700865460783624,
    0.17235077265888224,
    0.1649825670911223,
    0.15479947056840448,
    0.14981498025224338,
    0.14389702304244956,
    0.15169473057207855,
    0.14441799827853738,
    0.13269777772257396,
    0.1368746019118582,
    0.13847454835463058,
    0.12866847218035737,
    0.11508524894257031,
    0.11734604708793218,
    0.12577371458377679
  ],
  "train_acc": [
    13.65,
    30.842,
    43.762,
    52.532,
    58.964,
    64.044,
    68.29,
    72.022,
    74.91,
    77.706,
    80.338,
    82.63,
    84.818,
    86.744,
    88.2,
    89.666,
    91.2,
    92.288,
    93.398,
    94.12,
    94.852,
    95.644,
    95.888,
    96.662,
    96.97,
    97.258,
    97.646,
    97.852,
    97.99,
    98.264,
    98.33,
    98.408,
    98.558,
    98.684,
    98.704,
    98.824,
    98.806,
    98.934,
    99.0,
    98.986,
    99.076,
    99.108,
    99.064,
    99.266,
    99.168,
    99.248,
    99.284,
    99.358,
    99.368,
    99.332
  ]
}