{
  "epochs": [
    1,
    2,
    3,
    4,
    5,
    6,
    7,
    8,
    9,
    10,
    11,
    12,
    13,
    14,
    15,
    16,
    17,
    18,
    19,
    20,
    21,
    22,
    23,
    24,
    25,
    26,
    27,
    28,
    29,
    30,
    31,
    32,
    33,
    34,
    35,
    36,
    37,
    38,
    39,
    40,
    41,
    42,
    43,
    44,
    45,
    46,
    47,
    48,
    49,
    50
  ],
  "contrastive_loss": [
    0.9762198807638319,
    0.795986422187532,
    0.712335493558508,
    0.6509388997731611,
    0.5992775421465755,
    0.5572609178855291,
    0.5241206057388764,
    0.49256245239311475,
    0.4665926838165049,
    0.442951172514035,
    0.41749996114569854,
    0.39732655234958814,
    0.3798521076474348,
    0.36026096397348684,
    0.34610076892711317,
    0.3284601094320302,
    0.31368584027680596,
    0.29957873498082466,
    0.2892590080533186,
    0.276000496295407,
    0.2653009426563292,
    0.25579420086520405,
    0.24374377780863085,
    0.23536163652339553,
    0.22801225767720995,
    0.22019659158061533,
    0.21203788863423537,
    0.2091493319596171,
    0.200460656410288,
    0.1966242884735927,
    0.19141929076455744,
    0.18554679104281813,
    0.1824680643008493,
    0.17998364396259914,
    0.17599274542020715,
    0.17244233560684086,
    0.17207343916377754,
    0.16750399272917482,
    0.16535556644125057,
    0.16533309661442666,
    0.1623186734707459,
    0.1612050286339372,
    0.1605801450283936,
    0.15785364871439728,
    0.1556163874009381,
    0.15659332812747076,
    0.1555822202387978,
    0.15381040885244185,
    0.15205261467591577,
    0.15192399583661648
  ],
  "train_acc": [
    11.53,
    25.478,
    35.698,
    43.11,
    49.28,
    54.58,
    58.34,
    62.534,
    65.554,
    68.308,
    71.174,
    73.544,
    76.002,
    78.448,
    79.818,
    81.93,
    83.63,
    85.224,
    86.908,
    88.018,
    89.218,
    90.394,
    91.428,
    92.334,
    93.17,
    94.146,
    94.678,
    95.26,
    95.806,
    96.148,
    96.532,
    96.982,
    97.248,
    97.54,
    97.948,
    98.008,
    98.164,
    98.324,
    98.43,
    98.538,
    98.714,
    98.78,
    98.768,
    98.956,
    98.962,
    98.968,
    98.982,
    99.094,
    99.126,
    99.2
  ]
}