{
  "epochs": [
    1,
    2,
    3,
    4,
    5,
    6,
    7,
    8,
    9,
    10,
    11,
    12,
    13,
    14,
    15,
    16,
    17,
    18,
    19,
    20,
    21,
    22,
    23,
    24,
    25,
    26,
    27,
    28,
    29,
    30,
    31,
    32,
    33,
    34,
    35,
    36,
    37,
    38,
    39,
    40,
    41,
    42,
    43,
    44,
    45,
    46,
    47,
    48,
    49,
    50
  ],
  "contrastive_loss": [
    0.9850926925154293,
    0.8339094801632034,
    0.7658340429406032,
    0.7231288983693818,
    0.6852810933157001,
    0.648580428050912,
    0.619749732868141,
    0.5898660189660309,
    0.5644640348603963,
    0.5405043946660083,
    0.5200649365744627,
    0.5010117403686504,
    0.4806122904086052,
    0.4659897533371625,
    0.44465299648092227,
    0.4309925303587218,
    0.41615580186209716,
    0.39944561347937035,
    0.38858372880064923,
    0.374516846159535,
    0.36198310302499004,
    0.34998298457363985,
    0.33871490738885784,
    0.3279274198252832,
    0.31730762756694003,
    0.30771850285780095,
    0.2977621798472636,
    0.2893655247929151,
    0.2818462195070198,
    0.27187655241135744,
    0.2659475634927335,
    0.2588620104676927,
    0.2528423790812797,
    0.24724756707163417,
    0.23935380029251507,
    0.23562571795090384,
    0.23259531575090744,
    0.22699127797885318,
    0.2228170559000786,
    0.22029002955959887,
    0.21875503495373688,
    0.21370171342054597,
    0.21292430753140804,
    0.208174190634047,
    0.20799936563767435,
    0.20550738374138122,
    0.20280881931104927,
    0.20111018990921548,
    0.19925114683940282,
    0.19848752040844744
  ],
  "train_acc": [
    8.808,
    17.68,
    24.83,
    30.972,
    36.696,
    42.09,
    46.362,
    50.502,
    54.034,
    56.91,
    60.208,
    62.634,
    65.036,
    67.294,
    69.594,
    71.618,
    73.25,
    75.804,
    77.048,
    78.782,
    80.716,
    82.098,
    83.472,
    84.732,
    86.162,
    87.398,
    88.33,
    89.428,
    90.496,
    91.56,
    92.15,
    92.992,
    93.768,
    94.362,
    94.846,
    95.188,
    95.576,
    96.196,
    96.54,
    96.842,
    97.018,
    97.478,
    97.674,
    97.838,
    97.994,
    98.038,
    98.33,
    98.456,
    98.626,
    98.666
  ]
}