{
  "epochs": [
    1,
    2,
    3,
    4,
    5,
    6,
    7,
    8,
    9,
    10,
    11,
    12,
    13,
    14,
    15,
    16,
    17,
    18,
    19,
    20,
    21,
    22,
    23,
    24,
    25,
    26,
    27,
    28,
    29,
    30,
    31,
    32,
    33,
    34,
    35,
    36,
    37,
    38,
    39,
    40,
    41,
    42,
    43,
    44,
    45,
    46,
    47,
    48,
    49,
    50
  ],
  "contrastive_loss": [
    0.9844604361697536,
    0.8475070681108539,
    0.7962458613888382,
    0.7577027056528174,
    0.7254013640191549,
    0.7015930470603201,
    0.6791630122057922,
    0.6569738260010625,
    0.6389116140277794,
    0.6175663217406748,
    0.6013939308236017,
    0.5850372078168727,
    0.572449235964919,
    0.5582801906196663,
    0.5421052205440638,
    0.5292482631438223,
    0.5136632958946326,
    0.50548044533071,
    0.48985851192108504,
    0.48141142482038046,
    0.46883268658157506,
    0.4582199099118752,
    0.4470007844898097,
    0.4362344041352382,
    0.4271730157115575,
    0.4144393507476963,
    0.40652689048091467,
    0.39543478781609886,
    0.38554500313975926,
    0.3784088436371225,
    0.36823339009528877,
    0.36103511184377746,
    0.3538510702226473,
    0.3446185556061737,
    0.3385188250285585,
    0.3274208556508164,
    0.32283901905312257,
    0.31721707744061794,
    0.30922240674343254,
    0.30214979783500856,
    0.2987064430704507,
    0.2934888712204326,
    0.2906609419590372,
    0.28493344360757666,
    0.27932952153865637,
    0.27396604148170833,
    0.27062773834104126,
    0.26691262286794765,
    0.26380820759117146,
    0.2595194426110333
  ],
  "train_acc": [
    6.634,
    12.478,
    18.47,
    23.698,
    28.254,
    32.272,
    36.248,
    39.746,
    43.048,
    45.868,
    48.71,
    51.15,
    53.578,
    55.928,
    57.896,
    60.068,
    61.946,
    63.714,
    65.364,
    67.108,
    68.854,
    70.086,
    71.732,
    73.084,
    74.568,
    76.12,
    77.316,
    78.544,
    79.924,
    81.136,
    82.552,
    83.4,
    84.45,
    85.704,
    86.56,
    87.964,
    88.612,
    89.254,
    90.098,
    90.86,
    91.502,
    92.066,
    92.388,
    93.18,
    93.67,
    94.244,
    94.614,
    95.148,
    95.44,
    95.82
  ]
}