{
  "epochs": [
    1,
    2,
    3,
    4,
    5,
    6,
    7,
    8,
    9,
    10,
    11,
    12,
    13,
    14,
    15,
    16,
    17,
    18,
    19,
    20,
    21,
    22,
    23,
    24,
    25,
    26,
    27,
    28,
    29,
    30,
    31,
    32,
    33,
    34,
    35,
    36,
    37,
    38,
    39,
    40,
    41,
    42,
    43,
    44,
    45,
    46,
    47,
    48,
    49,
    50
  ],
  "contrastive_loss": [
    0.9713835405266803,
    0.7621504550089921,
    0.650445098157429,
    0.5705333050254666,
    0.5114201174672607,
    0.46520167490100617,
    0.428241345354968,
    0.3955405381177088,
    0.366256885211486,
    0.3420960183643624,
    0.3194992448515294,
    0.29926677635106286,
    0.27973717355819616,
    0.26634178114364215,
    0.24764406562918592,
    0.2341129404428365,
    0.22087854444218413,
    0.20955397836540057,
    0.19955252720724287,
    0.18520501637092943,
    0.1792339011455131,
    0.17095120087304078,
    0.16222176180623682,
    0.15636049571168392,
    0.15082474693160533,
    0.14479302681620468,
    0.13830315117793315,
    0.1346242662204806,
    0.1313414108913268,
    0.1263969095085588,
    0.12515504902128674,
    0.12290774636408862,
    0.11905969576457577,
    0.11717090898615015,
    0.11480572825426336,
    0.11389110014414239,
    0.11188063139805708,
    0.11047218726647784,
    0.1083513307563789,
    0.10548252633313084,
    0.10639773353057749,
    0.10550891438408581,
    0.10375306244625156,
    0.1012529123888906,
    0.10175458593365481,
    0.10069780606214347,
    0.10170835898736554,
    0.09869347924314191,
    0.09845654594014062,
    0.09897655211484341
  ],
  "train_acc": [
    12.12,
    29.242,
    41.296,
    49.888,
    56.9,
    61.894,
    65.682,
    69.254,
    72.814,
    75.428,
    78.034,
    80.048,
    82.366,
    84.216,
    85.982,
    87.364,
    88.896,
    90.372,
    91.354,
    92.474,
    93.27,
    94.02,
    94.826,
    95.354,
    95.972,
    96.31,
    96.814,
    97.24,
    97.478,
    97.804,
    98.046,
    98.056,
    98.286,
    98.34,
    98.57,
    98.7,
    98.642,
    98.854,
    98.852,
    99.01,
    99.064,
    99.072,
    99.116,
    99.224,
    99.188,
    99.294,
    99.236,
    99.306,
    99.314,
    99.32
  ]
}