{
  "epochs": [
    1,
    2,
    3,
    4,
    5,
    6,
    7,
    8,
    9,
    10,
    11,
    12,
    13,
    14,
    15,
    16,
    17,
    18,
    19,
    20,
    21,
    22,
    23,
    24,
    25,
    26,
    27,
    28,
    29,
    30,
    31,
    32,
    33,
    34,
    35,
    36,
    37,
    38,
    39,
    40,
    41,
    42,
    43,
    44,
    45,
    46,
    47,
    48,
    49,
    50
  ],
  "contrastive_loss": [
    3.50345583523021,
    2.673601261490141,
    2.157142250739095,
    1.8050982052712794,
    1.5422001577094389,
    1.3372510891131428,
    1.1806830786683065,
    1.0542133761488872,
    0.9476087466835061,
    0.8508603787025832,
    0.7576007072425559,
    0.6844764059157018,
    0.6153115787164635,
    0.5531028409290801,
    0.49383325840506104,
    0.440692156019723,
    0.3866261946575721,
    0.35088857467217216,
    0.30806723580031137,
    0.2827262350589113,
    0.2543459083608654,
    0.2302687144302346,
    0.20862394220688762,
    0.18790593817639534,
    0.18400544072965833,
    0.1638419329357879,
    0.1571180988912997,
    0.14016697887340776,
    0.12530189761153573,
    0.12000720256277363,
    0.11808604109660743,
    0.10982011221444515,
    0.111251518235106,
    0.10221080465809158,
    0.09926745837644847,
    0.09415411783377532,
    0.08515944928311936,
    0.07707368305234043,
    0.08096537776196094,
    0.07472695066305378,
    0.07525193917057703,
    0.07702566047801691,
    0.0661542568584461,
    0.07133322534010843,
    0.06540609238778844,
    0.06231552425800534,
    0.059510342221792856,
    0.06194048244363207,
    0.057533448326218005,
    0.05746996720724017
  ],
  "train_acc": [
    10.05,
    24.774,
    35.524,
    43.982,
    50.774,
    56.094,
    60.564,
    63.874,
    67.058,
    70.18,
    72.744,
    75.154,
    77.78,
    79.796,
    81.806,
    83.812,
    85.498,
    86.804,
    88.49,
    89.67,
    90.898,
    91.932,
    92.878,
    93.514,
    93.852,
    94.65,
    95.226,
    95.714,
    96.154,
    96.484,
    96.728,
    96.816,
    96.846,
    97.194,
    97.418,
    97.588,
    97.798,
    98.004,
    97.956,
    98.112,
    98.088,
    98.142,
    98.494,
    98.332,
    98.392,
    98.504,
    98.53,
    98.57,
    98.718,
    98.804
  ]
}