{
  "epochs": [
    1,
    2,
    3,
    4,
    5,
    6,
    7,
    8,
    9,
    10,
    11,
    12,
    13,
    14,
    15,
    16,
    17,
    18,
    19,
    20,
    21,
    22,
    23,
    24,
    25,
    26,
    27,
    28,
    29,
    30,
    31,
    32,
    33,
    34,
    35,
    36,
    37,
    38,
    39,
    40,
    41,
    42,
    43,
    44,
    45,
    46,
    47,
    48,
    49,
    50
  ],
  "contrastive_loss": [
    5.877124941257565,
    4.8059053701512955,
    4.011066884945725,
    3.409759619046965,
    2.963021929611635,
    2.6227209668635103,
    2.3515546718216918,
    2.1075498197999454,
    1.9076295030086547,
    1.7305016770692128,
    1.57108247097191,
    1.4192727593814625,
    1.2839377345636374,
    1.1613947993044353,
    1.0477001496288172,
    0.9443847011879581,
    0.8529900487731484,
    0.7626239444746081,
    0.683678576251125,
    0.6097479184417773,
    0.5557559332274415,
    0.49929241287281445,
    0.4447844262470675,
    0.3997706614263222,
    0.35493747950972193,
    0.3372160313874864,
    0.3127005139503942,
    0.2791348380963211,
    0.2665502205300514,
    0.2505913737713528,
    0.23323351503028283,
    0.21982651737416187,
    0.20407263183837657,
    0.19348506961027376,
    0.19327331010414206,
    0.18068597416210053,
    0.1800169777553862,
    0.165509828654549,
    0.1531171174267369,
    0.1540416587058388,
    0.13749131990020233,
    0.13650027252828983,
    0.1368388711281902,
    0.13336615316341144,
    0.11760151269547928,
    0.126147030097673,
    0.11716189068239516,
    0.11327872753543469,
    0.11197953528779395,
    0.11465326749036074
  ],
  "train_acc": [
    9.502,
    23.928,
    36.324,
    45.88,
    52.614,
    58.022,
    62.242,
    66.174,
    69.19,
    72.352,
    75.112,
    77.47,
    79.71,
    81.582,
    83.632,
    85.588,
    87.19,
    88.74,
    90.128,
    91.506,
    92.358,
    93.146,
    93.948,
    94.8,
    95.522,
    95.984,
    96.286,
    96.592,
    96.944,
    97.23,
    97.482,
    97.714,
    97.918,
    98.054,
    98.088,
    98.264,
    98.334,
    98.34,
    98.646,
    98.53,
    98.81,
    98.8,
    98.82,
    98.858,
    98.96,
    98.904,
    98.952,
    99.048,
    99.102,
    99.058
  ]
}