{
  "epochs": [
    1,
    2,
    3,
    4,
    5,
    6,
    7,
    8,
    9,
    10,
    11,
    12,
    13,
    14,
    15,
    16,
    17,
    18,
    19,
    20,
    21,
    22,
    23,
    24,
    25,
    26,
    27,
    28,
    29,
    30,
    31,
    32,
    33,
    34,
    35,
    36,
    37,
    38,
    39,
    40,
    41,
    42,
    43,
    44,
    45,
    46,
    47,
    48,
    49,
    50
  ],
  "contrastive_loss": [
    5.748896075636529,
    4.7673356679394425,
    4.028292696799158,
    3.4620083469868925,
    3.0171491166819697,
    2.66332034564689,
    2.3723899799844492,
    2.127476626954725,
    1.9243847985401787,
    1.7411897237343557,
    1.5813649209868876,
    1.4278553103851845,
    1.284848643233404,
    1.1616295763598683,
    1.0591797932334568,
    0.9469380485432227,
    0.85611271530466,
    0.7609936486729576,
    0.6884146056059376,
    0.6183207863584503,
    0.5447059377380039,
    0.49556617271107484,
    0.4596376553597048,
    0.40132745475415377,
    0.3799829010463432,
    0.34376253545894037,
    0.3260937174377234,
    0.28625179838646403,
    0.27252704530115934,
    0.24371383706931873,
    0.2436618013950565,
    0.23341703638815514,
    0.2134017539222527,
    0.18915285918947375,
    0.19921839458253376,
    0.1898136020392713,
    0.17342431241136683,
    0.17626157232448267,
    0.16450856241118877,
    0.15835936865805056,
    0.14765231329423692,
    0.1579649546338469,
    0.14896360354121688,
    0.1372210415523223,
    0.1299072453261489,
    0.12099396324504519,
    0.1324095976779528,
    0.12673871897523056,
    0.11789989241820467,
    0.10881378916580506
  ],
  "train_acc": [
    9.944,
    24.86,
    36.954,
    46.378,
    53.25,
    58.722,
    63.068,
    67.148,
    70.474,
    73.32,
    76.248,
    78.326,
    80.974,
    82.922,
    84.686,
    86.584,
    88.09,
    89.86,
    90.862,
    92.074,
    93.12,
    94.264,
    94.652,
    95.616,
    95.886,
    96.354,
    96.84,
    97.144,
    97.504,
    97.728,
    97.776,
    97.982,
    98.148,
    98.316,
    98.47,
    98.554,
    98.656,
    98.66,
    98.802,
    98.86,
    98.994,
    98.91,
    98.948,
    99.058,
    99.094,
    99.218,
    99.2,
    99.108,
    99.214,
    99.23
  ]
}