{
  "epochs": [
    1,
    2,
    3,
    4,
    5,
    6,
    7,
    8,
    9,
    10,
    11,
    12,
    13,
    14,
    15,
    16,
    17,
    18,
    19,
    20,
    21,
    22,
    23,
    24,
    25,
    26,
    27,
    28,
    29,
    30,
    31,
    32,
    33,
    34,
    35,
    36,
    37,
    38,
    39,
    40,
    41,
    42,
    43,
    44,
    45,
    46,
    47,
    48,
    49,
    50
  ],
  "contrastive_loss": [
    5.730194061308565,
    4.785574630093391,
    4.048708718755971,
    3.4888608638587817,
    3.052264947110735,
    2.7139208078994166,
    2.4093583797859717,
    2.1838962464686245,
    1.9817074116538553,
    1.7899282109706909,
    1.611711980131886,
    1.4710633420883237,
    1.332181419100603,
    1.1985671886092866,
    1.0816780057404658,
    0.9684248087961046,
    0.8775825355668812,
    0.7897403688382005,
    0.6938322675045189,
    0.6329379842409393,
    0.56255624628128,
    0.4918534635277965,
    0.44998525944359774,
    0.41642366921352914,
    0.36974532921295944,
    0.34190811918062325,
    0.31506902817874916,
    0.29394580919266966,
    0.26449943326242137,
    0.2580528736228833,
    0.25054730924651447,
    0.23432398227322132,
    0.21453331940619233,
    0.20747800712542766,
    0.19152430136261694,
    0.1809680218358174,
    0.17390819263580204,
    0.16987531788437568,
    0.16942294667977506,
    0.16155009753906818,
    0.15222620179929086,
    0.14970621619078203,
    0.1383338222646957,
    0.13645328204993093,
    0.13983449900089323,
    0.12924779566657513,
    0.1269049486597938,
    0.12612053898670483,
    0.12158039328463548,
    0.11589324705855315
  ],
  "train_acc": [
    10.374,
    24.688,
    36.656,
    45.808,
    52.914,
    57.812,
    62.608,
    66.396,
    69.684,
    72.7,
    75.514,
    78.048,
    80.272,
    82.398,
    84.486,
    86.468,
    87.962,
    89.638,
    91.096,
    92.096,
    93.172,
    94.446,
    95.03,
    95.49,
    96.072,
    96.488,
    96.964,
    97.174,
    97.48,
    97.72,
    97.89,
    98.102,
    98.238,
    98.35,
    98.506,
    98.58,
    98.716,
    98.796,
    98.748,
    98.876,
    98.898,
    98.966,
    99.11,
    99.032,
    99.104,
    99.088,
    99.14,
    99.236,
    99.25,
    99.232
  ]
}