{
  "epochs": [
    1,
    2,
    3,
    4,
    5,
    6,
    7,
    8,
    9,
    10,
    11,
    12,
    13,
    14,
    15,
    16,
    17,
    18,
    19,
    20,
    21,
    22,
    23,
    24,
    25,
    26,
    27,
    28,
    29,
    30,
    31,
    32,
    33,
    34,
    35,
    36,
    37,
    38,
    39,
    40,
    41,
    42,
    43,
    44,
    45,
    46,
    47,
    48,
    49,
    50
  ],
  "contrastive_loss": [
    2.9284163832359607,
    2.1878413904048597,
    1.7010742752143488,
    1.3776743518726906,
    1.1642172382310834,
    1.004385997419772,
    0.8852853805512724,
    0.7867919235583156,
    0.7038665889474132,
    0.6267916417640188,
    0.5580207695589041,
    0.5068753237462105,
    0.45099148535362593,
    0.40865268045679076,
    0.3615809435506001,
    0.32319355773194064,
    0.29133305243214075,
    0.263404684832029,
    0.2282695068842005,
    0.212557891197979,
    0.1876867390273477,
    0.17547159205617197,
    0.15733832040863574,
    0.14233612623589728,
    0.13521139535224042,
    0.1292739154680458,
    0.11399861880580482,
    0.10705352301144844,
    0.10468035001698357,
    0.0953543773087699,
    0.09422765428300404,
    0.08210689186706872,
    0.07996980474351922,
    0.08153814931049981,
    0.07681205150816599,
    0.07122987185788276,
    0.06339909673175391,
    0.06498248922779128,
    0.06492183116428993,
    0.058391680345510885,
    0.0586681033453673,
    0.051836906348729075,
    0.052835888341259775,
    0.05678203514755687,
    0.055246039358017696,
    0.04571467860961509,
    0.048230667991558916,
    0.05017728125319228,
    0.040628861533501724,
    0.045978751390829416
  ],
  "train_acc": [
    9.586,
    22.974,
    34.672,
    43.954,
    50.378,
    55.664,
    59.912,
    63.286,
    66.198,
    69.22,
    71.734,
    73.982,
    76.246,
    78.202,
    79.922,
    82.182,
    83.848,
    85.18,
    86.768,
    87.878,
    89.214,
    90.156,
    91.272,
    92.268,
    92.73,
    93.148,
    94.01,
    94.516,
    94.8,
    95.372,
    95.534,
    95.994,
    96.278,
    96.396,
    96.382,
    96.708,
    97.172,
    97.19,
    97.244,
    97.426,
    97.68,
    97.786,
    97.81,
    97.778,
    97.816,
    98.148,
    98.122,
    98.088,
    98.296,
    98.23
  ]
}