{
  "epochs": [
    1,
    2,
    3,
    4,
    5,
    6,
    7,
    8,
    9,
    10,
    11,
    12,
    13,
    14,
    15,
    16,
    17,
    18,
    19,
    20,
    21,
    22,
    23,
    24,
    25,
    26,
    27,
    28,
    29,
    30,
    31,
    32,
    33,
    34,
    35,
    36,
    37,
    38,
    39,
    40,
    41,
    42,
    43,
    44,
    45,
    46,
    47,
    48,
    49,
    50
  ],
  "contrastive_loss": [
    5.925585591884525,
    4.952062648275624,
    4.18741250038147,
    3.586130888565727,
    3.133162478351837,
    2.7680670013817985,
    2.4959592916776456,
    2.2424953127151257,
    2.0308230883630034,
    1.8398218645769007,
    1.6691036279244191,
    1.5131704322517376,
    1.3701241240477013,
    1.247932381337256,
    1.1179617483292699,
    1.0214215382895506,
    0.9113653906623421,
    0.8183521821218378,
    0.7294100561867589,
    0.6580706846988414,
    0.5872957815066018,
    0.5283650643075518,
    0.4814066389942413,
    0.437970003622877,
    0.41401497810088156,
    0.35527286863388,
    0.34401077234074284,
    0.3131538054255573,
    0.2968023638705463,
    0.2821528485516453,
    0.24823863139314115,
    0.2501572615960065,
    0.22369919835454058,
    0.22997554309685211,
    0.21182013653657017,
    0.19916097875065206,
    0.18313016977799518,
    0.18333402014982975,
    0.1845802232489714,
    0.17554138817102707,
    0.16359398201527192,
    0.15448127777013174,
    0.15105665549445335,
    0.1452826750381371,
    0.15220871227590935,
    0.13261830881047432,
    0.13388295320179455,
    0.13341813708853234,
    0.1288477519569952,
    0.13063404415650745
  ],
  "train_acc": [
    10.148,
    24.846,
    36.966,
    46.728,
    53.598,
    58.96,
    63.542,
    67.104,
    70.454,
    73.018,
    76.064,
    78.524,
    80.83,
    82.708,
    84.558,
    86.212,
    88.17,
    89.432,
    90.954,
    92.038,
    93.186,
    93.986,
    94.732,
    95.366,
    95.79,
    96.542,
    96.742,
    97.094,
    97.486,
    97.572,
    97.84,
    97.894,
    98.194,
    98.254,
    98.3,
    98.484,
    98.664,
    98.646,
    98.63,
    98.8,
    98.86,
    98.92,
    98.952,
    99.038,
    98.984,
    99.146,
    99.15,
    99.136,
    99.162,
    99.096
  ]
}