{
  "epochs": [
    1,
    2,
    3,
    4,
    5,
    6,
    7,
    8,
    9,
    10,
    11,
    12,
    13,
    14,
    15,
    16,
    17,
    18,
    19,
    20,
    21,
    22,
    23,
    24,
    25,
    26,
    27,
    28,
    29,
    30,
    31,
    32,
    33,
    34,
    35,
    36,
    37,
    38,
    39,
    40,
    41,
    42,
    43,
    44,
    45,
    46,
    47,
    48,
    49,
    50
  ],
  "contrastive_loss": [
    4.435830073588339,
    3.947112848081857,
    3.7230094826739766,
    3.5819508108641487,
    3.484390191714782,
    3.38836052167751,
    3.3002829832189224,
    3.2458140100054726,
    3.1727624244397252,
    3.105991883655948,
    3.0200283618839197,
    2.957077016001162,
    2.9149925870358793,
    2.849122935853651,
    2.801241222549887,
    2.7478174937655555,
    2.697119896369212,
    2.6565447362792463,
    2.600204029351549,
    2.5462703500562314,
    2.5079141175350568,
    2.4624399367500756,
    2.4273146336035962,
    2.3707806859784726,
    2.330686719826115,
    2.2884725777389447,
    2.2506990423592765,
    2.198434678185017,
    2.1727593140224055,
    2.126155109051853,
    2.08685874756035,
    2.0503463769507837,
    2.0028330154736023,
    1.9612584626278304,
    1.9282035922150478,
    1.9037013733783341,
    1.852178441594019,
    1.8125195106886842,
    1.7820683303086653,
    1.760362233042412,
    1.7220471191894062,
    1.6913574577292518,
    1.663257380580658,
    1.6266727026771097,
    1.608272441970113,
    1.566832452174038,
    1.5498127257427596,
    1.5172163630690416,
    1.507336550051599,
    1.4800550669355466
  ],
  "train_acc": [
    7.292,
    12.36,
    17.388,
    21.086,
    24.806,
    27.712,
    30.836,
    33.988,
    36.568,
    38.986,
    41.326,
    43.266,
    45.894,
    48.148,
    50.068,
    52.04,
    53.85,
    55.628,
    56.822,
    58.842,
    60.174,
    61.65,
    63.146,
    64.35,
    65.986,
    67.206,
    68.558,
    70.164,
    70.96,
    72.272,
    73.306,
    74.576,
    75.988,
    77.04,
    78.09,
    79.294,
    80.25,
    81.458,
    82.306,
    83.392,
    84.254,
    85.016,
    85.998,
    86.762,
    87.472,
    88.4,
    88.98,
    89.778,
    90.242,
    90.808
  ]
}