{
  "epochs": [
    1,
    2,
    3,
    4,
    5,
    6,
    7,
    8,
    9,
    10,
    11,
    12,
    13,
    14,
    15,
    16,
    17,
    18,
    19,
    20,
    21,
    22,
    23,
    24,
    25,
    26,
    27,
    28,
    29,
    30,
    31,
    32,
    33,
    34,
    35,
    36,
    37,
    38,
    39,
    40,
    41,
    42,
    43,
    44,
    45,
    46,
    47,
    48,
    49,
    50
  ],
  "contrastive_loss": [
    0.9882105608730365,
    0.8184869983007231,
    0.7331682804905241,
    0.6686961367307112,
    0.6184387235995144,
    0.574600017741513,
    0.5381514439192574,
    0.5054560386768693,
    0.4770407158395518,
    0.45008570237842666,
    0.4252729127016824,
    0.4042149136590836,
    0.38449551435687657,
    0.3658948317360695,
    0.34762017158291225,
    0.3304689699579078,
    0.3142562808892916,
    0.2991602653661347,
    0.2852563630513218,
    0.2715132362244989,
    0.2586088651586372,
    0.24674629219962507,
    0.23717723924028294,
    0.2273459976438976,
    0.2184297866604822,
    0.20970134036925137,
    0.2035043935108063,
    0.1969900402952643,
    0.18861601107260761,
    0.1860258302953847,
    0.17828715605961393,
    0.17329565628105417,
    0.17249790691506223,
    0.1685409996744312,
    0.16767015466299814,
    0.1625676103260206,
    0.16015785408523076,
    0.1568050296677043,
    0.15722839242738226,
    0.15514098433658596,
    0.15184541705929105,
    0.15160294284905923,
    0.1514535647485872,
    0.1505303415457916,
    0.14505911856661063,
    0.14752545849898893,
    0.1461560095629424,
    0.14447280680736924,
    0.14350059426501585,
    0.14365462735866952
  ],
  "train_acc": [
    9.826,
    22.856,
    32.714,
    40.696,
    47.002,
    52.364,
    56.856,
    60.79,
    64.198,
    67.366,
    70.132,
    72.684,
    75.048,
    77.06,
    79.124,
    81.074,
    82.916,
    84.666,
    86.176,
    87.494,
    88.898,
    90.24,
    91.326,
    92.196,
    93.282,
    93.926,
    94.58,
    95.352,
    95.914,
    96.176,
    96.784,
    97.022,
    97.308,
    97.646,
    97.776,
    97.95,
    98.234,
    98.346,
    98.388,
    98.494,
    98.638,
    98.738,
    98.76,
    98.76,
    99.02,
    98.996,
    99.002,
    99.084,
    99.182,
    99.148
  ]
}