{
  "epochs": [
    1,
    2,
    3,
    4,
    5,
    6,
    7,
    8,
    9,
    10,
    11,
    12,
    13,
    14,
    15,
    16,
    17,
    18,
    19,
    20,
    21,
    22,
    23,
    24,
    25,
    26,
    27,
    28,
    29,
    30,
    31,
    32,
    33,
    34,
    35,
    36,
    37,
    38,
    39,
    40,
    41,
    42,
    43,
    44,
    45,
    46,
    47,
    48,
    49,
    50
  ],
  "contrastive_loss": [
    0.9810977319012517,
    0.8341038057871182,
    0.7652312399786146,
    0.7160755045273725,
    0.675896510443724,
    0.6444643967596771,
    0.6113335272235334,
    0.5826733295265061,
    0.5578120951457401,
    0.5344159128263478,
    0.5100146317116135,
    0.491489387076834,
    0.4706609830679491,
    0.45101927979218076,
    0.43526617081268976,
    0.4201470268199511,
    0.40395981858453484,
    0.3882481262202153,
    0.37580827747464485,
    0.36171594559384124,
    0.3465692008395329,
    0.33631482076309527,
    0.32343243637963026,
    0.3125578040052253,
    0.30124483949235636,
    0.29168457497873573,
    0.283199495747876,
    0.27380397668122636,
    0.2651579418907995,
    0.25819447411753027,
    0.2509392428657283,
    0.2445327765344049,
    0.23816146897842816,
    0.2317748483641983,
    0.2300238514419102,
    0.22380733474746078,
    0.21940113127688923,
    0.21681384517408697,
    0.21303226697780286,
    0.209634119363697,
    0.20744465135247506,
    0.2048363173404313,
    0.203703590594899,
    0.19942089576093133,
    0.19615861001755575,
    0.19522141857677713,
    0.1945416336436101,
    0.19133053944848688,
    0.19405425067447946,
    0.19092093652014233
  ],
  "train_acc": [
    8.412,
    17.59,
    25.662,
    31.904,
    37.838,
    42.66,
    47.078,
    51.166,
    54.376,
    57.766,
    60.864,
    63.562,
    66.158,
    68.402,
    70.532,
    72.874,
    74.662,
    76.55,
    78.472,
    80.172,
    81.728,
    83.264,
    84.888,
    86.122,
    87.608,
    88.384,
    89.378,
    90.398,
    91.424,
    92.316,
    93.162,
    93.676,
    94.28,
    94.97,
    95.32,
    95.872,
    96.352,
    96.624,
    96.922,
    97.314,
    97.45,
    97.608,
    97.848,
    98.168,
    98.366,
    98.458,
    98.482,
    98.654,
    98.686,
    98.834
  ]
}