{
  "epochs": [
    1,
    2,
    3,
    4,
    5,
    6,
    7,
    8,
    9,
    10,
    11,
    12,
    13,
    14,
    15,
    16,
    17,
    18,
    19,
    20,
    21,
    22,
    23,
    24,
    25,
    26,
    27,
    28,
    29,
    30,
    31,
    32,
    33,
    34,
    35,
    36,
    37,
    38,
    39,
    40,
    41,
    42,
    43,
    44,
    45,
    46,
    47,
    48,
    49,
    50
  ],
  "contrastive_loss": [
    0.9915996241142683,
    0.8583206981039413,
    0.8041774909514601,
    0.7680369434149369,
    0.739633705152575,
    0.7200483037992511,
    0.695774301238682,
    0.6781207608140033,
    0.6588407689348206,
    0.6390212638603757,
    0.6208611583465811,
    0.6069489634402877,
    0.592131970407408,
    0.5794834958775269,
    0.5662423417238933,
    0.5502985219668854,
    0.5397675029761956,
    0.5242060379451497,
    0.5142728220623778,
    0.5033420043833116,
    0.48968315452261046,
    0.47655482212905687,
    0.46773275572930456,
    0.4558056322357539,
    0.44594583357386575,
    0.43446506586526057,
    0.424153312316636,
    0.4139681466095283,
    0.40479007531005096,
    0.3943408764994053,
    0.3860154315028959,
    0.3754735909916861,
    0.3677537004508631,
    0.35767609300210956,
    0.3515497885854043,
    0.3440530755178398,
    0.33554222131781564,
    0.3301102604021502,
    0.3227424072792463,
    0.3155308172221074,
    0.30963370402145873,
    0.3022812205888426,
    0.2977672846192289,
    0.29299621261141795,
    0.2870649956071468,
    0.28109879555452205,
    0.2792998328995522,
    0.27575272820947117,
    0.2711464997828769,
    0.2667462943155137
  ],
  "train_acc": [
    7.476,
    13.534,
    18.996,
    23.504,
    27.866,
    31.436,
    35.028,
    38.232,
    41.362,
    43.9,
    46.898,
    49.16,
    51.652,
    53.74,
    55.668,
    57.758,
    59.714,
    61.496,
    63.016,
    64.946,
    66.56,
    68.33,
    69.758,
    71.148,
    72.88,
    74.192,
    75.54,
    76.888,
    78.38,
    79.552,
    80.688,
    81.906,
    83.128,
    84.086,
    84.876,
    86.176,
    87.078,
    88.026,
    88.68,
    89.836,
    90.614,
    91.26,
    91.946,
    92.368,
    93.188,
    93.762,
    93.916,
    94.454,
    94.858,
    95.322
  ]
}