{
  "epochs": [
    1,
    2,
    3,
    4,
    5,
    6,
    7,
    8,
    9,
    10,
    11,
    12,
    13,
    14,
    15,
    16,
    17,
    18,
    19,
    20,
    21,
    22,
    23,
    24,
    25,
    26,
    27,
    28,
    29,
    30,
    31,
    32,
    33,
    34,
    35,
    36,
    37,
    38,
    39,
    40,
    41,
    42,
    43,
    44,
    45,
    46,
    47,
    48,
    49,
    50
  ],
  "contrastive_loss": [
    0.977590298561184,
    0.788671265325278,
    0.6797911261048768,
    0.6030325978003499,
    0.5444167651178892,
    0.4983819114887501,
    0.45870055117265646,
    0.4235466868066422,
    0.39383535799772845,
    0.3659701084008302,
    0.34084308795306995,
    0.317647668063793,
    0.2965425698424849,
    0.27609198873915025,
    0.2622530910441333,
    0.2438627945645081,
    0.22656898025204153,
    0.21471654503699153,
    0.19981186553035551,
    0.1888647996784781,
    0.1796668044212834,
    0.169155927303502,
    0.15952585254560042,
    0.15316520084429275,
    0.14545673798874517,
    0.139827477409864,
    0.1339987038689501,
    0.12916496664742985,
    0.12640232888176617,
    0.12353765278521096,
    0.11876747930598686,
    0.11662905103029192,
    0.11286211076676084,
    0.11074318727264014,
    0.11056492561498261,
    0.10618658098951934,
    0.10700506452099441,
    0.10371365836438011,
    0.10161424502539818,
    0.10265180723898856,
    0.10029422198338887,
    0.10005979546729256,
    0.09746119359036541,
    0.09689377042491112,
    0.0971460813451606,
    0.09468480336772817,
    0.09481951415233905,
    0.09466776635755053,
    0.0924107645211927,
    0.09337427711014247
  ],
  "train_acc": [
    11.674,
    27.236,
    39.364,
    48.474,
    54.722,
    59.302,
    63.732,
    67.484,
    71.002,
    73.486,
    76.172,
    78.658,
    81.244,
    82.986,
    84.664,
    86.328,
    88.26,
    89.336,
    90.788,
    91.856,
    92.986,
    93.752,
    94.65,
    95.156,
    95.616,
    96.17,
    96.652,
    97.056,
    97.376,
    97.478,
    97.836,
    98.01,
    98.176,
    98.316,
    98.364,
    98.566,
    98.49,
    98.636,
    98.87,
    98.852,
    98.94,
    98.99,
    99.048,
    99.072,
    99.09,
    99.186,
    99.218,
    99.162,
    99.282,
    99.26
  ]
}