{
  "epochs": [
    1,
    2,
    3,
    4,
    5,
    6,
    7,
    8,
    9,
    10,
    11,
    12,
    13,
    14,
    15
  ],
  "train_loss": [
    0.12864262177644636,
    0.126094326329277,
    0.11949163678166506,
    0.08599144196056802,
    0.07727453964369377,
    0.06285999881108399,
    0.04651258082207664,
    0.032846795409308065,
    0.02485219522824754,
    0.019591635193132683,
    0.012284423430066775,
    0.008982863593691735,
    0.00686119469624046,
    0.0064507802469593945,
    0.005849813177224125
  ],
  "train_acc": [
    96.53,
    96.552,
    96.608,
    97.668,
    97.836,
    98.27,
    98.676,
    99.118,
    99.328,
    99.474,
    99.702,
    99.794,
    99.83,
    99.868,
    99.87
  ]
}