{
  "epochs": [
    1,
    2,
    3,
    4,
    5,
    6,
    7,
    8,
    9,
    10,
    11,
    12,
    13,
    14,
    15,
    16,
    17,
    18,
    19,
    20,
    21,
    22,
    23,
    24,
    25,
    26,
    27,
    28,
    29,
    30,
    31,
    32,
    33,
    34,
    35,
    36,
    37,
    38,
    39,
    40,
    41,
    42,
    43,
    44,
    45,
    46,
    47,
    48,
    49,
    50
  ],
  "contrastive_loss": [
    2.273346782645301,
    1.052949785271569,
    0.509350315994009,
    0.32231722299552634,
    0.2437488122859879,
    0.19587506715903807,
    0.17227401330952755,
    0.15518835973937797,
    0.14562249088378817,
    0.135924769732196,
    0.12131114587988086,
    0.11735867294470978,
    0.11824131962817039,
    0.10793093500463553,
    0.10291015356779099,
    0.10150975802594134,
    0.09962695999942778,
    0.09818620713013212,
    0.09938220174797356,
    0.093432522967191,
    0.09091634714923551,
    0.09326716976435594,
    0.08414468961908385,
    0.08919683769535836,
    0.08442114645143604,
    0.08349408853389419,
    0.08195970860093146,
    0.08511724883256971,
    0.08190179624787682,
    0.07343682643893125,
    0.07589290300598535,
    0.0753604409182468,
    0.07630256169935322,
    0.07856740618167478,
    0.07274255394706945,
    0.07258839118758888,
    0.0749595063688505,
    0.07388574113626309,
    0.0732617505333003,
    0.07119803997637976,
    0.06897716406170669,
    0.07405601176516631,
    0.0781661409865636,
    0.07640013471722146,
    0.06771863053750504,
    0.0684502508272143,
    0.07000495471022165,
    0.06736932529608154,
    0.06519032975234797,
    0.06761263955451186
  ],
  "train_acc": [
    13.558,
    33.322,
    46.918,
    54.998,
    59.476,
    62.454,
    64.966,
    67.042,
    68.994,
    70.216,
    71.492,
    72.574,
    73.504,
    74.754,
    75.324,
    76.586,
    77.128,
    77.814,
    78.314,
    79.052,
    79.522,
    80.036,
    80.772,
    80.882,
    81.602,
    82.104,
    82.836,
    82.71,
    82.968,
    84.03,
    84.61,
    84.342,
    84.63,
    84.818,
    85.304,
    85.902,
    85.456,
    86.178,
    86.412,
    86.948,
    87.076,
    87.208,
    87.298,
    87.558,
    87.856,
    87.894,
    88.134,
    88.848,
    88.72,
    88.832
  ]
}