{
  "epochs": [
    1,
    2,
    3,
    4,
    5,
    6,
    7,
    8,
    9,
    10,
    11,
    12,
    13,
    14,
    15,
    16,
    17,
    18,
    19,
    20,
    21,
    22,
    23,
    24,
    25,
    26,
    27,
    28,
    29,
    30,
    31,
    32,
    33,
    34,
    35,
    36,
    37,
    38,
    39,
    40,
    41,
    42,
    43,
    44,
    45,
    46,
    47,
    48,
    49,
    50
  ],
  "contrastive_loss": [
    5.0560384266211855,
    3.1450727961557297,
    2.0117041674416387,
    1.529022681591151,
    1.2792728810054261,
    1.1215285241146526,
    1.0246042825681778,
    0.9458026119205348,
    0.8815537823740479,
    0.8512708255092202,
    0.8146319493003513,
    0.7759285401505278,
    0.7566141042563007,
    0.7276275336285076,
    0.7102751949101763,
    0.699520551792496,
    0.6769490427983081,
    0.6628891025357844,
    0.6549007545804124,
    0.6436334005402177,
    0.6320327313812187,
    0.6227273928844715,
    0.6079762368403432,
    0.600687698634994,
    0.6021930509058716,
    0.5874410019353833,
    0.5822880256663808,
    0.5728606718123112,
    0.5729468275823861,
    0.5721830964240882,
    0.5639664686244467,
    0.5509411181177934,
    0.5481848150415494,
    0.5443789221898979,
    0.5408212216308964,
    0.5462155939672914,
    0.5344414817707618,
    0.5334726885304122,
    0.5256716426833511,
    0.5255740060830665,
    0.5257696621405804,
    0.5192222550244587,
    0.5181937170455523,
    0.5221203689837395,
    0.5099330424042918,
    0.5061751272519837,
    0.50801526555015,
    0.5051928007084391,
    0.5040955131163682,
    0.5048838829445412
  ],
  "train_acc": [
    15.22,
    37.442,
    52.39,
    60.22,
    65.098,
    68.594,
    71.066,
    73.236,
    74.968,
    76.342,
    77.462,
    79.022,
    79.798,
    80.628,
    81.59,
    82.592,
    83.08,
    83.928,
    84.614,
    85.01,
    85.616,
    86.034,
    86.758,
    87.162,
    87.52,
    88.06,
    88.138,
    88.744,
    88.91,
    89.21,
    89.554,
    90.066,
    90.384,
    90.462,
    90.738,
    90.892,
    91.048,
    91.418,
    91.592,
    91.852,
    91.962,
    92.126,
    92.43,
    92.54,
    92.606,
    92.782,
    93.136,
    93.162,
    93.162,
    93.432
  ]
}