{
  "epochs": [
    1,
    2,
    3,
    4,
    5,
    6,
    7,
    8,
    9,
    10,
    11,
    12,
    13,
    14,
    15,
    16,
    17,
    18,
    19,
    20,
    21,
    22,
    23,
    24,
    25,
    26,
    27,
    28,
    29,
    30,
    31,
    32,
    33,
    34,
    35,
    36,
    37,
    38,
    39,
    40,
    41,
    42,
    43,
    44,
    45,
    46,
    47,
    48,
    49,
    50
  ],
  "contrastive_loss": [
    2.7303931017970795,
    1.2782861742826983,
    0.6432296328075097,
    0.43319546833367606,
    0.33375778504649695,
    0.2854163016733306,
    0.24835151390117757,
    0.22830733045211535,
    0.21194060022949868,
    0.1947042584190588,
    0.1875944644631937,
    0.1723196541371248,
    0.16956713018210037,
    0.16305589327193282,
    0.15157567492455168,
    0.14853689251729593,
    0.1438350120316381,
    0.1408257771407247,
    0.1420411487560138,
    0.13530092175735536,
    0.12595234045287226,
    0.12420536076549983,
    0.12795908013573082,
    0.12091603530261218,
    0.12355467424635082,
    0.12131567428941312,
    0.12348003977018854,
    0.11118051425918289,
    0.11493992921717637,
    0.11530615954333559,
    0.11005137256725366,
    0.11357669449408951,
    0.11266562988614792,
    0.10513097642327818,
    0.10260614843281639,
    0.10831352127025194,
    0.10680301103483686,
    0.10639213861140144,
    0.10170105740885295,
    0.10116007374337567,
    0.10415827912633377,
    0.0991076593718413,
    0.10199232074572608,
    0.09955025425233195,
    0.10262023394598681,
    0.09604302801363304,
    0.09803363198743147,
    0.09486007173081189,
    0.09684442716371983,
    0.09672680380932815
  ],
  "train_acc": [
    14.912,
    36.408,
    50.0,
    57.342,
    61.672,
    64.788,
    67.466,
    69.236,
    70.906,
    72.418,
    73.69,
    74.808,
    75.622,
    76.78,
    77.742,
    78.268,
    78.936,
    79.73,
    79.98,
    81.224,
    81.734,
    82.166,
    82.566,
    83.108,
    83.762,
    84.042,
    84.424,
    84.988,
    85.362,
    85.534,
    86.144,
    86.018,
    86.718,
    86.99,
    87.322,
    87.622,
    87.534,
    88.13,
    88.16,
    88.682,
    88.716,
    89.12,
    88.888,
    89.344,
    89.636,
    89.77,
    89.694,
    89.912,
    90.348,
    90.48
  ]
}