{
  "epochs": [
    1,
    2,
    3,
    4,
    5,
    6,
    7,
    8,
    9,
    10,
    11,
    12,
    13,
    14,
    15,
    16,
    17,
    18,
    19,
    20,
    21,
    22,
    23,
    24,
    25,
    26,
    27,
    28,
    29,
    30,
    31,
    32,
    33,
    34,
    35,
    36,
    37,
    38,
    39,
    40
  ],
  "contrastive_loss": [
    3.4079119524992336,
    1.8918230899459565,
    1.5675483435925925,
    1.40507867574082,
    1.305604587582981,
    1.2384133143803042,
    1.1870682055078199,
    1.132815204313039,
    1.0921983516124814,
    1.0590949055483885,
    1.0338385291111745,
    1.0043144361747196,
    0.9760985505550414,
    0.9542516915084761,
    0.9254955492361122,
    0.9029985736398136,
    0.8857250692289503,
    0.8631581459813715,
    0.8393144484066293,
    0.8240311298224018,
    0.8055482506752014,
    0.7816081740667143,
    0.763249052912378,
    0.7397996858715097,
    0.7227585791321971,
    0.701462812588343,
    0.6868187124314515,
    0.6665803295419649,
    0.6528143922386267,
    0.6379430973163956,
    0.6167774179859844,
    0.5999841341734542,
    0.586197794855708,
    0.5727675060177093,
    0.5642025538570131,
    0.5540841879594661,
    0.5431058185789591,
    0.5349033872794617,
    0.5262387757715972,
    0.5134762780898062
  ],
  "train_acc": [
    10.09,
    22.636,
    29.244,
    33.406,
    36.496,
    38.34,
    39.974,
    41.318,
    42.526,
    43.444,
    43.62,
    44.58,
    44.994,
    45.392,
    45.748,
    46.46,
    46.926,
    47.032,
    47.422,
    47.308,
    47.766,
    48.118,
    48.538,
    48.808,
    49.042,
    49.248,
    49.418,
    49.642,
    49.636,
    49.848,
    50.434,
    50.488,
    50.648,
    50.986,
    50.776,
    51.29,
    51.136,
    51.202,
    51.39,
    51.358
  ]
}