{
  "epochs": [
    1,
    2,
    3,
    4,
    5,
    6,
    7,
    8,
    9,
    10,
    11,
    12,
    13,
    14,
    15,
    16,
    17,
    18,
    19,
    20,
    21,
    22,
    23,
    24,
    25,
    26,
    27,
    28,
    29,
    30,
    31,
    32,
    33,
    34,
    35,
    36,
    37,
    38,
    39,
    40,
    41,
    42,
    43,
    44,
    45,
    46,
    47,
    48,
    49,
    50
  ],
  "contrastive_loss": [
    5.157438155635239,
    3.265578557768136,
    2.10424584318,
    1.575095664204844,
    1.3072244139278637,
    1.128814706412118,
    1.0335969057534358,
    0.9463547006287538,
    0.8898182739991971,
    0.8446429100487848,
    0.8084180304766311,
    0.786552973263099,
    0.759170764090155,
    0.7367649531120535,
    0.7147226420509846,
    0.6965510942746916,
    0.6829758713312466,
    0.6732660777428571,
    0.6531310310144254,
    0.6458663076848326,
    0.6321610890690933,
    0.6235109997527374,
    0.6107155202752184,
    0.6144759357737763,
    0.597952931966928,
    0.5985735539737564,
    0.5884715322490848,
    0.5797226229287169,
    0.5815267594878936,
    0.5743677908044946,
    0.561433769171805,
    0.5582925159760448,
    0.556368134744332,
    0.5468851519210259,
    0.550634068143947,
    0.5456455559529307,
    0.5419134838349374,
    0.536909989155162,
    0.5333881682294714,
    0.5312536149226186,
    0.5260697863138545,
    0.5252951523074714,
    0.5213164479836173,
    0.5245533660244759,
    0.5188369266212444,
    0.5145917090461077,
    0.5131057852979206,
    0.5042615567174409,
    0.5094288793366278,
    0.5031799900409816
  ],
  "train_acc": [
    14.34,
    35.758,
    51.04,
    59.496,
    64.598,
    68.04,
    70.81,
    72.868,
    75.116,
    76.252,
    77.868,
    78.748,
    79.688,
    80.526,
    81.804,
    82.498,
    83.122,
    83.986,
    84.604,
    85.168,
    85.666,
    86.172,
    86.606,
    86.828,
    87.38,
    87.908,
    88.258,
    88.576,
    89.03,
    89.148,
    89.5,
    89.592,
    90.08,
    90.41,
    90.68,
    90.708,
    91.102,
    91.254,
    91.452,
    91.896,
    91.856,
    92.088,
    92.334,
    92.352,
    92.616,
    92.7,
    92.876,
    93.03,
    93.288,
    93.468
  ]
}