{
  "epochs": [
    1,
    2,
    3,
    4,
    5,
    6,
    7,
    8,
    9,
    10,
    11,
    12,
    13,
    14,
    15,
    16,
    17,
    18,
    19,
    20,
    21,
    22,
    23,
    24,
    25,
    26,
    27,
    28,
    29,
    30,
    31,
    32,
    33,
    34,
    35,
    36,
    37,
    38,
    39,
    40,
    41,
    42,
    43,
    44,
    45,
    46,
    47,
    48,
    49,
    50
  ],
  "contrastive_loss": [
    5.074480589698343,
    3.1482199738397623,
    2.025324843728634,
    1.5162353578126033,
    1.2784799686478228,
    1.1179641934916795,
    1.0125118971175855,
    0.9438272952423681,
    0.8880299581286243,
    0.8438218248164867,
    0.8021577246048871,
    0.7743753132307926,
    0.7473734973946495,
    0.7275620684446886,
    0.7133104274492434,
    0.6952890767465771,
    0.6803076709322917,
    0.6644898779556879,
    0.6559845053631327,
    0.6419632720672871,
    0.6322014116875047,
    0.6199287487875165,
    0.6155179741285036,
    0.6105026164475609,
    0.6009591796514019,
    0.5896159005744378,
    0.5896524726734746,
    0.5781081241872305,
    0.5708192558697117,
    0.5717868557214127,
    0.5671044982150387,
    0.5546230284301826,
    0.554634835942627,
    0.5451952812769224,
    0.5496580009265324,
    0.5419535235980587,
    0.5379221151247049,
    0.5339946339807242,
    0.5353285320427107,
    0.528107120252936,
    0.5321458626891036,
    0.5249079705199318,
    0.5201565740663378,
    0.5187582165536369,
    0.5165888324113148,
    0.5097447727494837,
    0.5052119374580091,
    0.5095843097285542,
    0.5004567534417448,
    0.5048622587300322
  ],
  "train_acc": [
    14.764,
    36.796,
    51.916,
    60.224,
    65.02,
    68.344,
    71.09,
    73.004,
    75.144,
    76.368,
    77.704,
    78.868,
    80.042,
    80.834,
    81.782,
    82.608,
    83.454,
    83.99,
    84.332,
    85.082,
    85.694,
    86.364,
    86.926,
    87.29,
    87.506,
    88.158,
    88.43,
    88.756,
    89.066,
    89.512,
    89.666,
    89.924,
    90.266,
    90.45,
    91.038,
    90.898,
    91.304,
    91.456,
    91.486,
    91.846,
    91.91,
    92.3,
    92.328,
    92.536,
    92.706,
    92.856,
    93.024,
    92.978,
    93.266,
    93.254
  ]
}