{
  "epochs": [
    1,
    2,
    3,
    4,
    5,
    6,
    7,
    8,
    9,
    10,
    11,
    12,
    13,
    14,
    15,
    16,
    17,
    18,
    19,
    20,
    21,
    22,
    23,
    24,
    25,
    26,
    27,
    28,
    29,
    30,
    31,
    32,
    33,
    34,
    35,
    36,
    37,
    38,
    39,
    40
  ],
  "contrastive_loss": [
    5.573650864993825,
    3.7669202189921114,
    3.3270875255165198,
    3.1033478502727228,
    2.9678613749306524,
    2.8530401933528577,
    2.76044710883704,
    2.6967276563424893,
    2.6227698612700947,
    2.5589166629649793,
    2.4815330670007962,
    2.4262305525562646,
    2.3726761158165113,
    2.3110857732460626,
    2.2481184231350793,
    2.198460915509392,
    2.1348674907098952,
    2.0824310069193928,
    2.0346139370632903,
    1.9797187888103982,
    1.9382034378588353,
    1.8880589593706838,
    1.8471477915868735,
    1.8070961505250858,
    1.7728422697242874,
    1.74088356775396,
    1.7085189910800866,
    1.6859380598263363,
    1.662869131473629,
    1.6377854286252385,
    1.6193847269048471,
    1.5965865508979544,
    1.5734258688929137,
    1.5616512182728408,
    1.5415123957197379,
    1.5251283935268822,
    1.5008768486549786,
    1.4866309202540562,
    1.474317750357606,
    1.4611796424212053
  ],
  "train_acc": [
    10.284,
    23.354,
    30.84,
    34.728,
    37.54,
    39.876,
    41.392,
    42.594,
    43.608,
    44.632,
    45.33,
    45.86,
    46.288,
    47.206,
    47.766,
    48.16,
    48.582,
    48.722,
    49.378,
    49.628,
    49.894,
    50.452,
    50.234,
    51.042,
    51.39,
    51.286,
    51.646,
    51.636,
    51.74,
    52.11,
    52.192,
    52.312,
    52.358,
    52.722,
    52.748,
    52.408,
    53.03,
    53.116,
    52.944,
    53.036
  ]
}