{
  "epochs": [
    1,
    2,
    3,
    4,
    5,
    6,
    7,
    8,
    9,
    10,
    11,
    12,
    13,
    14,
    15,
    16,
    17,
    18,
    19,
    20,
    21,
    22,
    23,
    24,
    25,
    26,
    27,
    28,
    29,
    30,
    31,
    32,
    33,
    34,
    35,
    36,
    37,
    38,
    39,
    40
  ],
  "contrastive_loss": [
    5.673637950511845,
    3.8594994721815103,
    3.358425172698467,
    3.123182411998739,
    2.9811658103142857,
    2.8680391342133817,
    2.7767541542687377,
    2.7028469484480446,
    2.634600475925924,
    2.567021453776933,
    2.4867536274673383,
    2.427652336142557,
    2.375025991283719,
    2.3120467949401386,
    2.2469938453810903,
    2.1863833745117383,
    2.1271177816878803,
    2.07266447885567,
    2.0282916983070276,
    1.9807393858804727,
    1.9397689893727412,
    1.8976107521740067,
    1.8595440756634374,
    1.822914200975462,
    1.7916920858880747,
    1.7641118520970844,
    1.733483287989331,
    1.7042678734835457,
    1.674082549331743,
    1.6564963970647748,
    1.6285127419644914,
    1.6096281987017074,
    1.581181529232913,
    1.5644777735785755,
    1.5354241632744479,
    1.515543036143798,
    1.4971056865609211,
    1.4794491733736395,
    1.4651815543699143,
    1.4442449408723874
  ],
  "train_acc": [
    10.398,
    23.098,
    30.428,
    34.776,
    37.402,
    39.27,
    41.154,
    42.512,
    43.436,
    44.114,
    45.064,
    45.968,
    46.582,
    46.91,
    47.312,
    48.04,
    48.292,
    48.798,
    49.16,
    49.524,
    49.956,
    50.248,
    50.614,
    50.644,
    50.91,
    51.088,
    51.35,
    51.586,
    51.824,
    52.082,
    51.902,
    52.15,
    52.258,
    52.254,
    52.632,
    52.636,
    52.958,
    52.736,
    52.95,
    52.926
  ]
}