{
  "epochs": [
    1,
    2,
    3,
    4,
    5,
    6,
    7,
    8,
    9,
    10,
    11,
    12,
    13,
    14,
    15,
    16,
    17,
    18,
    19,
    20,
    21,
    22,
    23,
    24,
    25,
    26,
    27,
    28,
    29,
    30,
    31,
    32,
    33,
    34,
    35,
    36,
    37,
    38,
    39,
    40
  ],
  "contrastive_loss": [
    2.942562118210756,
    1.516005929473721,
    1.220397712781911,
    1.0876543747494594,
    1.0121534088688433,
    0.9511236306041708,
    0.9054043017080068,
    0.8704412515510989,
    0.8367806562529806,
    0.8123231132317077,
    0.784482987945342,
    0.761344599144538,
    0.743417394130736,
    0.7199707188264793,
    0.6957761865595112,
    0.677566731601115,
    0.6596559346331965,
    0.640740616623398,
    0.6201013587319942,
    0.6065050554092583,
    0.5876721701658595,
    0.5749934310346003,
    0.5571376599009384,
    0.5456761835176317,
    0.5359396872008243,
    0.5234675508783296,
    0.5081567020367479,
    0.4990457358110286,
    0.48297616260131,
    0.47694243166757666,
    0.4623127296147749,
    0.4508500708948316,
    0.442257890844589,
    0.4315872082243795,
    0.42437591805787345,
    0.4131552939829619,
    0.40474686018951106,
    0.39842523017045484,
    0.3880652716321409,
    0.38036069132940237
  ],
  "train_acc": [
    8.892,
    21.456,
    28.964,
    33.304,
    35.46,
    37.96,
    39.35,
    40.538,
    41.276,
    42.256,
    43.192,
    43.568,
    44.194,
    44.772,
    45.122,
    45.898,
    45.98,
    46.722,
    46.582,
    46.78,
    47.162,
    47.764,
    47.838,
    48.344,
    48.424,
    48.502,
    48.738,
    48.846,
    49.234,
    49.53,
    49.812,
    49.562,
    49.888,
    50.102,
    49.964,
    50.28,
    50.35,
    50.638,
    50.698,
    50.896
  ]
}