{
  "epochs": [
    1,
    2,
    3,
    4,
    5,
    6,
    7,
    8,
    9,
    10,
    11,
    12,
    13,
    14,
    15,
    16,
    17,
    18,
    19,
    20,
    21,
    22,
    23,
    24,
    25,
    26,
    27,
    28,
    29,
    30,
    31,
    32,
    33,
    34,
    35,
    36,
    37,
    38,
    39,
    40,
    41,
    42,
    43,
    44,
    45,
    46,
    47,
    48,
    49,
    50
  ],
  "contrastive_loss": [
    5.114375827867357,
    2.816232228827903,
    1.4601715449481973,
    0.9444752814214857,
    0.7159876619915828,
    0.5865194863827942,
    0.5084363135230511,
    0.4547589508926167,
    0.4093466872906746,
    0.37756886598094347,
    0.3579452513428905,
    0.32709566909638815,
    0.31455001802853,
    0.3039696276035455,
    0.28312567688162676,
    0.2841606302486966,
    0.2700084919667305,
    0.2654125252952966,
    0.24886595387288066,
    0.2446931874584359,
    0.23674058407316428,
    0.2277672267554666,
    0.2275023324334103,
    0.22317157464716442,
    0.2140438154034907,
    0.21334835875522146,
    0.20318123252343034,
    0.20661295386379028,
    0.20248218959249803,
    0.19914053624395825,
    0.1988528069594632,
    0.18644501394627955,
    0.19262961222006536,
    0.19038735657854153,
    0.18216959406119174,
    0.1768192829340315,
    0.1788858558096544,
    0.17238975262931547,
    0.17658113147063023,
    0.16838928956128751,
    0.16783445419938972,
    0.16750693555606905,
    0.16076725195435917,
    0.1645982992237486,
    0.15949690246673495,
    0.16135565717430675,
    0.15587922627739895,
    0.15828278540726512,
    0.1600636368250603,
    0.15690647014190473
  ],
  "train_acc": [
    13.906,
    35.094,
    49.878,
    57.716,
    62.598,
    65.38,
    67.874,
    69.732,
    71.464,
    72.776,
    73.844,
    75.034,
    76.046,
    76.892,
    77.458,
    78.014,
    78.868,
    79.47,
    80.408,
    80.64,
    80.848,
    81.772,
    82.068,
    82.65,
    82.964,
    83.436,
    83.98,
    84.554,
    84.454,
    84.908,
    85.158,
    85.732,
    85.766,
    86.146,
    86.328,
    86.71,
    86.994,
    87.152,
    87.442,
    87.688,
    88.006,
    88.098,
    88.038,
    88.518,
    88.636,
    89.112,
    89.024,
    89.476,
    89.468,
    89.608
  ]
}