{
  "epochs": [
    1,
    2,
    3,
    4,
    5,
    6,
    7,
    8,
    9,
    10,
    11,
    12,
    13,
    14,
    15,
    16,
    17,
    18,
    19,
    20,
    21,
    22,
    23,
    24,
    25,
    26,
    27,
    28,
    29,
    30,
    31,
    32,
    33,
    34,
    35,
    36,
    37,
    38,
    39,
    40
  ],
  "contrastive_loss": [
    5.314548586945399,
    2.9138957655338373,
    2.342006616580212,
    2.067942816887975,
    1.9180645284140507,
    1.7860242738138379,
    1.695058591225568,
    1.6086321782577984,
    1.5485112901843723,
    1.4836156950582324,
    1.4288830461404514,
    1.3698373991815025,
    1.314163679661958,
    1.2638111358408428,
    1.2016644168387898,
    1.1494742191356162,
    1.0985006247944844,
    1.0643417024246566,
    1.0205940306948884,
    0.9885314315786142,
    0.9550435770198208,
    0.9219378484484485,
    0.8990665186396645,
    0.8644039039416691,
    0.8378877072687954,
    0.8154059497596663,
    0.7926209000370387,
    0.7680739507345897,
    0.7435403210122872,
    0.7268698110299951,
    0.7137709634993082,
    0.6941602079917097,
    0.6789185859815544,
    0.6676509353663306,
    0.6558321428573345,
    0.6432731252954439,
    0.6273447594526783,
    0.6104404550531636,
    0.5961629611147029,
    0.5907774442601996
  ],
  "train_acc": [
    10.238,
    23.368,
    30.576,
    34.768,
    36.894,
    39.178,
    40.554,
    42.004,
    42.37,
    43.69,
    44.16,
    44.572,
    45.376,
    45.736,
    46.366,
    46.498,
    47.264,
    47.324,
    47.976,
    48.296,
    48.384,
    48.822,
    49.042,
    49.242,
    49.012,
    49.894,
    49.61,
    50.108,
    50.126,
    50.672,
    50.784,
    50.63,
    50.92,
    50.796,
    50.84,
    51.076,
    51.128,
    51.332,
    51.354,
    51.55
  ]
}