{
  "epochs": [
    1,
    2,
    3,
    4,
    5,
    6,
    7,
    8,
    9,
    10,
    11,
    12,
    13,
    14,
    15,
    16,
    17,
    18,
    19,
    20,
    21,
    22,
    23,
    24,
    25,
    26,
    27,
    28,
    29,
    30,
    31,
    32,
    33,
    34,
    35,
    36,
    37,
    38,
    39,
    40,
    41,
    42,
    43,
    44,
    45,
    46,
    47,
    48,
    49,
    50
  ],
  "contrastive_loss": [
    2.0816355243707316,
    1.2397836972505618,
    1.0517810083352603,
    0.9283014892003475,
    0.8410852528535403,
    0.7534856703036871,
    0.6998743511163271,
    0.6568578717036125,
    0.6290196524216578,
    0.5932907937428891,
    0.5729266137648852,
    0.5571958923951174,
    0.5453235490964009,
    0.5298395697887127,
    0.5132606620971973,
    0.5007535341458443,
    0.48767668322110785,
    0.4806915181569564,
    0.47310586961416096,
    0.46348750491937,
    0.450245814369275,
    0.44437527190416287,
    0.43848936894001106,
    0.43207377669138786,
    0.42610963055720696,
    0.41439116887557204,
    0.40804161238364683,
    0.3983307470113803,
    0.39241102651143683,
    0.3919968233658717,
    0.3884041326168256,
    0.37750784082290456,
    0.36789509906218604,
    0.36321335014624473,
    0.36275173318691745,
    0.3550253800092599,
    0.35152596357541205,
    0.34837266176174847,
    0.3425340495048425,
    0.33540902466346056,
    0.3328563869763643,
    0.33388153436856394,
    0.33295722672572503,
    0.33534736404052146,
    0.33946157136024574,
    0.3513833188857788,
    0.3677072124603467,
    0.38464089647317545,
    0.44073356726230717,
    0.5170134110328478
  ],
  "train_acc": [
    9.190705128205128,
    23.93028846153846,
    33.81610576923077,
    40.0380608974359,
    44.38701923076923,
    48.22115384615385,
    51.24399038461539,
    53.541666666666664,
    55.12620192307692,
    56.818910256410255,
    57.888621794871796,
    58.94831730769231,
    60.09615384615385,
    60.5088141025641,
    61.536458333333336,
    62.02524038461539,
    62.58413461538461,
    63.22115384615385,
    64.04046474358974,
    64.76963141025641,
    65.22636217948718,
    65.71314102564102,
    66.31410256410257,
    66.58854166666667,
    67.31570512820512,
    67.96474358974359,
    68.39142628205128,
    69.17467948717949,
    69.52323717948718,
    70.14623397435898,
    70.74719551282051,
    71.3681891025641,
    71.88301282051282,
    72.49198717948718,
    73.07892628205128,
    73.56370192307692,
    74.15064102564102,
    74.67548076923077,
    75.20232371794872,
    75.79927884615384,
    76.14583333333333,
    76.77083333333333,
    76.91907051282051,
    77.35176282051282,
    77.63020833333333,
    77.86258012820512,
    78.22516025641026,
    78.46354166666667,
    78.34535256410257,
    78.56971153846153
  ],
  "test_acc": [
    0.92,
    18.91,
    32.61,
    36.91,
    40.54,
    46.1,
    47.17,
    49.72,
    50.32,
    52.12,
    52.58,
    55.13,
    54.78,
    53.45,
    54.74,
    53.93,
    53.34,
    55.29,
    58.74,
    60.05,
    59.38,
    59.5,
    59.78,
    59.05,
    60.38,
    61.8,
    62.34,
    62.99,
    63.27,
    63.52,
    64.39,
    64.41,
    65.78,
    65.96,
    66.04,
    66.42,
    67.22,
    67.34,
    67.42,
    68.11,
    68.55,
    68.61,
    69.13,
    69.47,
    69.23,
    69.32,
    69.33,
    69.56,
    69.67,
    69.55
  ]
}