{
  "epochs": [
    1,
    2,
    3,
    4,
    5,
    6,
    7,
    8,
    9,
    10,
    11,
    12,
    13,
    14,
    15,
    16,
    17,
    18,
    19,
    20,
    21,
    22,
    23,
    24,
    25,
    26,
    27,
    28,
    29,
    30,
    31,
    32,
    33,
    34,
    35,
    36,
    37,
    38,
    39,
    40,
    41,
    42,
    43,
    44,
    45,
    46,
    47,
    48,
    49,
    50
  ],
  "contrastive_loss": [
    4.637126034956712,
    3.5959713532374455,
    2.7725685969377176,
    2.1523442574036427,
    1.7717314827136503,
    1.4511269670266371,
    1.2311924717365168,
    1.0645613505290106,
    0.9251946414128328,
    0.8092879263254312,
    0.711697061245258,
    0.6364769686491062,
    0.571854602984893,
    0.5144507719920232,
    0.4646811210956329,
    0.4256705973392878,
    0.3888503709664712,
    0.3605772103254612,
    0.3316498283392344,
    0.31349845910683655,
    0.2973521950153204,
    0.2864652420465763,
    0.27494030014062537,
    0.26487101992735496,
    0.2594842564983246,
    0.25054458318612516,
    0.2424534138196554,
    0.23675666951980345,
    0.2310988342532745,
    0.22339141429998935,
    0.22032361729786945,
    0.21608627954354653,
    0.21050530744668766,
    0.2036746587508764,
    0.19834580345031544,
    0.19465078058151097,
    0.19115105263697796,
    0.18752459700290974,
    0.18412776723121985,
    0.17879047802625558,
    0.17672363473818853,
    0.17402466436227162,
    0.17046504884194105,
    0.1697396267683078,
    0.16685420205959908,
    0.16498273771542768,
    0.1622718228552586,
    0.1606672398937054,
    0.1629973970544644,
    0.1610910768310229
  ],
  "train_acc": [
    10.178285256410257,
    25.83533653846154,
    37.70032051282051,
    44.96394230769231,
    49.12860576923077,
    52.96073717948718,
    55.94751602564103,
    57.546073717948715,
    58.86418269230769,
    59.81570512820513,
    60.19831730769231,
    61.03365384615385,
    61.506410256410255,
    62.10136217948718,
    62.17748397435897,
    62.58613782051282,
    63.01883012820513,
    63.36538461538461,
    64.13060897435898,
    63.83413461538461,
    64.03245192307692,
    64.4891826923077,
    64.85176282051282,
    64.9238782051282,
    65.13621794871794,
    65.28645833333333,
    65.82532051282051,
    66.0556891025641,
    66.62059294871794,
    66.6786858974359,
    66.98317307692308,
    67.53004807692308,
    67.89663461538461,
    68.54767628205128,
    68.88221153846153,
    69.38100961538461,
    69.66546474358974,
    70.17227564102564,
    70.50080128205128,
    70.9755608974359,
    71.69471153846153,
    71.66466346153847,
    72.3818108974359,
    72.75040064102564,
    73.0889423076923,
    73.26121794871794,
    73.57572115384616,
    73.60376602564102,
    73.62580128205128,
    73.69791666666667
  ],
  "test_acc": [
    1.02,
    21.34,
    34.42,
    42.37,
    43.99,
    48.07,
    51.97,
    52.74,
    54.75,
    56.33,
    55.48,
    56.32,
    56.35,
    58.4,
    59.53,
    58.71,
    59.24,
    58.5,
    59.25,
    58.41,
    59.32,
    58.83,
    59.49,
    58.29,
    59.28,
    58.76,
    59.35,
    58.95,
    59.11,
    60.39,
    63.12,
    63.74,
    63.87,
    63.96,
    64.52,
    64.96,
    65.31,
    65.91,
    66.14,
    66.37,
    66.45,
    67.19,
    67.09,
    67.37,
    67.78,
    67.83,
    68.08,
    68.28,
    68.25,
    68.17
  ]
}