{
  "epochs": [
    1,
    2,
    3,
    4,
    5,
    6,
    7,
    8,
    9,
    10,
    11,
    12,
    13,
    14,
    15,
    16,
    17,
    18,
    19,
    20,
    21,
    22,
    23,
    24,
    25,
    26,
    27,
    28,
    29,
    30,
    31,
    32,
    33,
    34,
    35,
    36,
    37,
    38,
    39,
    40
  ],
  "contrastive_loss": [
    4.254952955733785,
    3.7845512716971395,
    3.638984306998875,
    3.548679179852576,
    3.4704654832630206,
    3.4099570137765403,
    3.349040118019904,
    3.3042781535926684,
    3.2700250185359163,
    3.2293634500040116,
    3.2069138950094236,
    3.1713476906652036,
    3.156595442301172,
    3.1149617153055527,
    3.10929079220423,
    3.0844965414013092,
    3.0818159555840063,
    3.0464074172632163,
    3.040687968968735,
    3.019810747917351,
    3.0072582694880494,
    2.9920803274949797,
    2.9712412436599926,
    2.9577607449973025,
    2.9388844338829254,
    2.9186293423328253,
    2.9196248645977594,
    2.9162839770012194,
    2.887885929678407,
    2.864472127631497,
    2.878512731293583,
    2.8578661152773805,
    2.84592790219485,
    2.846907096750596,
    2.8400651853712624,
    2.8211006843830315,
    2.8193335588021045,
    2.82455180551085,
    2.8054849869759795,
    2.795405100068778
  ],
  "train_acc": [
    8.618,
    18.006,
    21.756,
    25.076,
    27.66,
    29.58,
    31.636,
    32.85,
    34.462,
    35.744,
    36.244,
    37.574,
    38.802,
    39.378,
    40.31,
    40.784,
    41.392,
    41.902,
    42.008,
    42.996,
    43.306,
    44.19,
    44.472,
    44.64,
    44.968,
    45.562,
    45.748,
    46.026,
    46.484,
    46.728,
    47.03,
    47.29,
    47.754,
    47.428,
    47.532,
    47.518,
    48.228,
    48.316,
    48.38,
    48.482
  ]
}