{
  "epochs": [
    1,
    2,
    3,
    4,
    5,
    6,
    7,
    8,
    9,
    10,
    11,
    12,
    13,
    14,
    15,
    16,
    17,
    18,
    19,
    20,
    21,
    22,
    23,
    24,
    25,
    26,
    27,
    28,
    29,
    30,
    31,
    32,
    33,
    34,
    35,
    36,
    37,
    38,
    39,
    40,
    41,
    42,
    43,
    44,
    45,
    46,
    47,
    48,
    49,
    50
  ],
  "contrastive_loss": [
    0.9814091173889082,
    0.8425946446026072,
    0.7784193792306554,
    0.7305281151591054,
    0.6865198859168441,
    0.6523261033665494,
    0.6184474763358035,
    0.5947928439320811,
    0.5724487255906205,
    0.5519962129385575,
    0.5346967002467427,
    0.5197256688419205,
    0.508546892715537,
    0.4938533084319376,
    0.4811913382519237,
    0.46905811973240064,
    0.460819786085802,
    0.44917486771903076,
    0.4415748827445233,
    0.4326529871014988,
    0.4253336008247512,
    0.4140572733129077,
    0.40768226500972155,
    0.4003845024901583,
    0.39065726554912067,
    0.3850309849547608,
    0.3767873054117803,
    0.3692249778439017,
    0.36360577686363477,
    0.35822847241635825,
    0.35243225501626346,
    0.3457666221634506,
    0.33954965946314586,
    0.33500204801254563,
    0.33060601666150496,
    0.3271325753472955,
    0.3219926601175762,
    0.3179272333221972,
    0.31191202079700997,
    0.3076966767344633,
    0.3057927353607724,
    0.3029313642350609,
    0.2986633327534741,
    0.29690799856429817,
    0.2946057911114315,
    0.29217433151991473,
    0.2911797680360887,
    0.2870332753414388,
    0.2844706193717849,
    0.28207803984432267
  ],
  "train_acc": [
    9.032,
    17.74,
    25.404,
    31.644,
    37.884,
    43.258,
    47.934,
    51.886,
    55.35,
    58.118,
    60.698,
    63.11,
    64.934,
    66.83,
    68.612,
    70.586,
    72.158,
    73.622,
    75.062,
    76.55,
    77.84,
    78.994,
    80.346,
    81.664,
    82.998,
    83.922,
    85.29,
    86.084,
    86.924,
    87.634,
    88.702,
    89.492,
    90.428,
    90.888,
    91.484,
    92.072,
    92.66,
    93.176,
    93.71,
    94.222,
    94.696,
    95.144,
    95.39,
    95.634,
    95.98,
    96.294,
    96.412,
    96.794,
    97.14,
    97.18
  ]
}