{
  "epochs": [
    1,
    2,
    3,
    4,
    5,
    6,
    7,
    8,
    9,
    10,
    11,
    12,
    13,
    14,
    15,
    16,
    17,
    18,
    19,
    20,
    21,
    22,
    23,
    24,
    25,
    26,
    27,
    28,
    29,
    30,
    31,
    32,
    33,
    34,
    35,
    36,
    37,
    38,
    39,
    40,
    41,
    42,
    43,
    44,
    45,
    46,
    47,
    48,
    49,
    50
  ],
  "contrastive_loss": [
    0.972311548564745,
    0.7818286492086738,
    0.6897764253189497,
    0.6187438321540423,
    0.5729483475008279,
    0.5383180151205234,
    0.5114731566070596,
    0.4901528266994545,
    0.4751698412096409,
    0.45869320486207754,
    0.44487254523560216,
    0.4324607878084988,
    0.4247048933182836,
    0.41408475478896706,
    0.4051475534048837,
    0.3958730224300833,
    0.38874536097202156,
    0.37807825383018046,
    0.3711223130488335,
    0.3651528615323479,
    0.3565827137064141,
    0.3527719910492373,
    0.3464052359313916,
    0.34078771333255425,
    0.334781209373718,
    0.3320684213467571,
    0.3236315312897763,
    0.31894419077412245,
    0.3141480637023516,
    0.30946873155091426,
    0.3059926783794637,
    0.3003441278282029,
    0.29552107607312217,
    0.29543693192169795,
    0.2890782424098695,
    0.2877253614499441,
    0.2841239444282659,
    0.2806061252837291,
    0.27782856065141576,
    0.2760930182150258,
    0.27300504661734454,
    0.2727485238514898,
    0.2675984707634772,
    0.2674661753961192,
    0.26444155659974383,
    0.26362077468801337,
    0.26280340175037187,
    0.2613604419371661,
    0.25988087366761453,
    0.2583803623304952
  ],
  "train_acc": [
    10.89,
    24.942,
    35.792,
    44.586,
    50.916,
    55.838,
    59.746,
    62.948,
    65.502,
    67.732,
    69.926,
    71.64,
    73.424,
    75.1,
    76.614,
    77.958,
    79.492,
    80.756,
    81.818,
    83.064,
    84.458,
    85.334,
    86.118,
    87.222,
    88.37,
    88.774,
    89.912,
    90.664,
    91.328,
    92.082,
    92.784,
    93.228,
    93.668,
    94.21,
    94.678,
    95.224,
    95.394,
    96.048,
    96.25,
    96.676,
    96.968,
    97.116,
    97.294,
    97.53,
    97.716,
    98.006,
    98.132,
    98.266,
    98.43,
    98.576
  ]
}