{
  "epochs": [
    1,
    2,
    3,
    4,
    5,
    6,
    7,
    8,
    9,
    10,
    11,
    12,
    13,
    14,
    15,
    16,
    17,
    18,
    19,
    20,
    21,
    22,
    23,
    24,
    25,
    26,
    27,
    28,
    29,
    30,
    31,
    32,
    33,
    34,
    35,
    36,
    37,
    38,
    39,
    40
  ],
  "contrastive_loss": [
    0.9648748511243659,
    0.8122274855823468,
    0.753966416086992,
    0.7260480512438527,
    0.7059340478514161,
    0.6939760310875486,
    0.684874642078224,
    0.680708759123712,
    0.6726005243523346,
    0.6664641528483242,
    0.6644937031714203,
    0.6587820617134309,
    0.6559656661794618,
    0.653329365317474,
    0.6494819718553587,
    0.6471646929640904,
    0.6460821889245602,
    0.6428942501240069,
    0.6403614707919948,
    0.6393396488540922,
    0.6391157305149167,
    0.6362677522937356,
    0.6344631096286237,
    0.6320286757500885,
    0.6320009129431546,
    0.6306684680302125,
    0.6285447690188123,
    0.628376484374561,
    0.6267479982827325,
    0.6281907361791567,
    0.6262520306250628,
    0.6231692546163984,
    0.6224947356811875,
    0.619949069931684,
    0.6211155077533039,
    0.6208775107512998,
    0.619193925729493,
    0.6178324173783403,
    0.6183723616782967,
    0.6181458568633975
  ],
  "train_acc": [
    10.534,
    22.298,
    29.25,
    33.864,
    37.058,
    39.336,
    41.114,
    42.44,
    43.416,
    44.33,
    45.168,
    45.692,
    46.34,
    46.924,
    47.226,
    47.678,
    47.798,
    47.754,
    48.358,
    48.652,
    48.766,
    48.984,
    49.134,
    49.53,
    49.368,
    49.686,
    49.456,
    50.134,
    50.096,
    50.062,
    50.45,
    50.22,
    50.17,
    50.204,
    50.442,
    50.478,
    50.402,
    50.308,
    50.558,
    50.256
  ]
}