{
  "epochs": [
    1,
    2,
    3,
    4,
    5,
    6,
    7,
    8,
    9,
    10,
    11,
    12,
    13,
    14,
    15,
    16,
    17,
    18,
    19,
    20,
    21,
    22,
    23,
    24,
    25,
    26,
    27,
    28,
    29,
    30,
    31,
    32,
    33,
    34,
    35,
    36,
    37,
    38,
    39,
    40
  ],
  "contrastive_loss": [
    0.9718033663757012,
    0.8357349600633392,
    0.7950052771421955,
    0.7666830463177713,
    0.7446619497845545,
    0.7325075122401538,
    0.7219197943692317,
    0.7121328330405837,
    0.7035844289433316,
    0.6940648807284168,
    0.6916975842412475,
    0.6850695501812889,
    0.6808516637748464,
    0.6774265615226668,
    0.6763142830575518,
    0.6696343498156808,
    0.6638961450370682,
    0.6629505038566297,
    0.6626481365059953,
    0.6599300642452581,
    0.6566716607116982,
    0.6546277005959045,
    0.6536691801627273,
    0.6481839569328386,
    0.6470784237012839,
    0.6492187447102783,
    0.6454025822527268,
    0.6425174307030486,
    0.6420455786883069,
    0.6408462766796121,
    0.6400664304680836,
    0.6372492234115406,
    0.6359987577513966,
    0.6363261364152669,
    0.635231807484956,
    0.6345070919112477,
    0.6319690706479885,
    0.6304082320931622,
    0.6293523480825107,
    0.6281286737193232
  ],
  "train_acc": [
    8.59,
    19.544,
    24.922,
    29.226,
    32.122,
    34.654,
    36.268,
    37.822,
    39.09,
    39.952,
    40.812,
    41.936,
    42.354,
    43.466,
    43.66,
    44.61,
    45.194,
    45.354,
    45.812,
    46.69,
    46.694,
    46.508,
    46.968,
    47.592,
    47.838,
    47.978,
    48.082,
    48.432,
    48.618,
    48.936,
    48.524,
    48.84,
    49.138,
    49.438,
    49.45,
    49.136,
    49.302,
    49.45,
    49.94,
    50.01
  ]
}