{
  "epochs": [
    1,
    2,
    3,
    4,
    5,
    6,
    7,
    8,
    9,
    10,
    11,
    12,
    13,
    14,
    15,
    16,
    17,
    18,
    19,
    20,
    21,
    22,
    23,
    24,
    25,
    26,
    27,
    28,
    29,
    30,
    31,
    32,
    33,
    34,
    35,
    36,
    37,
    38,
    39,
    40
  ],
  "contrastive_loss": [
    0.9749439247428914,
    0.8563483410784046,
    0.8213113540273798,
    0.796136640374313,
    0.7804319623791044,
    0.7698546829430953,
    0.7547864362864238,
    0.7468465030040887,
    0.7378072954352249,
    0.7284448889210401,
    0.7234336828331813,
    0.7177107974391459,
    0.7132368111396994,
    0.7052784716076863,
    0.6987773196776504,
    0.6986731303012584,
    0.6918345982461329,
    0.6889698625068226,
    0.6836991782688424,
    0.6823941540077824,
    0.6798090791458364,
    0.6717969841511963,
    0.671215197924153,
    0.6668206340516619,
    0.6638890507885867,
    0.6637593561121266,
    0.6614596293405499,
    0.6587956559932445,
    0.6561618744564788,
    0.6524394316136685,
    0.6535011838616618,
    0.6504083334484978,
    0.6477043013590986,
    0.6421189794455038,
    0.6440044815278114,
    0.643316882193241,
    0.6411824817852596,
    0.6396522350475916,
    0.6351794338287295,
    0.6334908026868425
  ],
  "train_acc": [
    8.564,
    17.874,
    22.006,
    25.454,
    27.892,
    29.876,
    31.594,
    33.22,
    34.512,
    35.638,
    36.71,
    37.788,
    39.222,
    39.858,
    40.798,
    41.014,
    41.582,
    42.278,
    42.662,
    43.114,
    43.702,
    44.152,
    44.642,
    45.218,
    45.016,
    45.688,
    45.918,
    46.206,
    46.352,
    47.016,
    46.644,
    47.166,
    48.072,
    47.674,
    47.908,
    48.088,
    48.556,
    48.542,
    48.588,
    49.014
  ]
}