{
  "epochs": [
    1,
    2,
    3,
    4,
    5,
    6,
    7,
    8,
    9,
    10,
    11,
    12,
    13,
    14,
    15,
    16,
    17,
    18,
    19,
    20,
    21,
    22,
    23,
    24,
    25,
    26,
    27,
    28,
    29,
    30,
    31,
    32,
    33,
    34,
    35,
    36,
    37,
    38,
    39,
    40,
    41,
    42,
    43,
    44,
    45,
    46,
    47,
    48,
    49,
    50
  ],
  "contrastive_loss": [
    0.9831510035278243,
    0.8576825046173447,
    0.8096184770164587,
    0.7738966420483406,
    0.7444269246305041,
    0.7230869386812,
    0.6995307297048057,
    0.6831504388538467,
    0.662630373712086,
    0.6448274835601182,
    0.6280592931505969,
    0.6125709115696685,
    0.5968107917272222,
    0.5840663952595743,
    0.5709296256075125,
    0.5554757125847175,
    0.547043800658887,
    0.5322640735627441,
    0.5256842764289787,
    0.5113606216657497,
    0.5007958678180909,
    0.49184057200351333,
    0.481319962026518,
    0.4713685536933372,
    0.4638030565608188,
    0.45415208772625154,
    0.4450103698484123,
    0.4351073716912428,
    0.42947169315174716,
    0.41872881608241047,
    0.4115405888356211,
    0.4046517455821757,
    0.39747851561097536,
    0.3874225252881989,
    0.3833686348117526,
    0.3747262708518816,
    0.36701684877695634,
    0.35898153289504675,
    0.3559342703550978,
    0.34859359470169865,
    0.3435745950397628,
    0.3386430228152848,
    0.3314936950688472,
    0.32825190827364814,
    0.32290198720629565,
    0.31827218034078397,
    0.3132652956658922,
    0.31081007180921255,
    0.3045056524407833,
    0.30490061320612194
  ],
  "train_acc": [
    7.834,
    13.634,
    18.804,
    23.578,
    28.12,
    31.892,
    35.252,
    38.66,
    41.612,
    44.72,
    47.39,
    49.836,
    52.28,
    54.422,
    56.278,
    58.554,
    60.1,
    62.106,
    63.776,
    65.042,
    66.87,
    68.37,
    69.55,
    70.886,
    72.22,
    73.594,
    75.14,
    76.122,
    77.212,
    78.808,
    79.486,
    80.858,
    81.856,
    83.198,
    83.864,
    85.0,
    85.98,
    86.83,
    87.674,
    88.722,
    89.288,
    89.816,
    90.762,
    91.318,
    91.952,
    92.446,
    92.942,
    93.504,
    93.944,
    94.144
  ]
}