{
  "epochs": [
    1,
    2,
    3,
    4,
    5,
    6,
    7,
    8,
    9,
    10,
    11,
    12,
    13,
    14,
    15,
    16,
    17,
    18,
    19,
    20,
    21,
    22,
    23,
    24,
    25,
    26,
    27,
    28,
    29,
    30,
    31,
    32,
    33,
    34,
    35,
    36,
    37,
    38,
    39,
    40,
    41,
    42,
    43,
    44,
    45,
    46,
    47,
    48,
    49,
    50
  ],
  "contrastive_loss": [
    0.9759349572993911,
    0.8259276534285387,
    0.7539839813166567,
    0.7065052527295964,
    0.6632482191485822,
    0.628466412996697,
    0.5976705566391616,
    0.5712971245236409,
    0.5517067170661428,
    0.5329137251657599,
    0.5167723991681853,
    0.5030289923443514,
    0.49167038023929155,
    0.47693499793177063,
    0.4668276774151551,
    0.4547320134804377,
    0.4445646893032981,
    0.43486854060531577,
    0.42574747672776125,
    0.41769867358000384,
    0.40700431492017664,
    0.40103122012694475,
    0.39173508582212735,
    0.385011362831306,
    0.37867235405670713,
    0.37130912475268857,
    0.3633641648627913,
    0.35559979637565514,
    0.3519606177535508,
    0.3463101069183301,
    0.3388300855903674,
    0.3309026891389466,
    0.3292527977767808,
    0.3226011881361837,
    0.31928565793330105,
    0.3148018380107782,
    0.3096744725313943,
    0.30515296661945257,
    0.3007918970892801,
    0.2985871755101187,
    0.2966902759069067,
    0.2924804057535308,
    0.29000119541002356,
    0.2847967195084028,
    0.28475522793010066,
    0.28143920614134016,
    0.2772834235063904,
    0.27754196981944695,
    0.2753164222097153,
    0.2743522347620381
  ],
  "train_acc": [
    8.278,
    17.458,
    25.75,
    32.158,
    38.538,
    43.778,
    48.538,
    52.132,
    55.422,
    58.144,
    61.088,
    63.202,
    64.9,
    67.16,
    69.218,
    70.414,
    72.44,
    73.642,
    75.468,
    76.764,
    77.916,
    79.316,
    80.68,
    81.744,
    83.13,
    84.062,
    85.406,
    86.312,
    87.222,
    88.012,
    88.98,
    89.896,
    90.55,
    91.166,
    91.808,
    92.2,
    93.072,
    93.602,
    94.064,
    94.574,
    94.79,
    95.266,
    95.708,
    96.05,
    96.218,
    96.596,
    96.992,
    96.968,
    97.274,
    97.166
  ]
}