{
  "epochs": [
    1,
    2,
    3,
    4,
    5,
    6,
    7,
    8,
    9,
    10,
    11,
    12,
    13,
    14,
    15,
    16,
    17,
    18,
    19,
    20,
    21,
    22,
    23,
    24,
    25,
    26,
    27,
    28,
    29,
    30,
    31,
    32,
    33,
    34,
    35,
    36,
    37,
    38,
    39,
    40,
    41,
    42,
    43,
    44,
    45,
    46,
    47,
    48,
    49,
    50
  ],
  "contrastive_loss": [
    0.9578523587082963,
    0.7283460729567292,
    0.5985828367493037,
    0.5210382593104906,
    0.4749032500607278,
    0.4407692308468587,
    0.4175715284121921,
    0.3995968835128238,
    0.38398173337092484,
    0.37201038284984694,
    0.3600677827282635,
    0.35391328096999536,
    0.34336933950938836,
    0.33527549537246487,
    0.32829291261065646,
    0.32330020522827385,
    0.3153166160406664,
    0.30829457302227653,
    0.3044376887019028,
    0.3000254592932094,
    0.2954456542077882,
    0.2913452766054427,
    0.28458132764415056,
    0.2812498222912669,
    0.27627620367747746,
    0.2737298816290048,
    0.2697274561809457,
    0.26756351641224474,
    0.2651000699347547,
    0.26107716857624785,
    0.2591917737365684,
    0.2571845169338729,
    0.2543666100944095,
    0.2528756448756094,
    0.24988473334428293,
    0.2484601468533811,
    0.246065090608109,
    0.24696342182128936,
    0.24262023814346478,
    0.24131141717324173,
    0.23939000523608664,
    0.2386014126908139,
    0.23757370944370698,
    0.2364650499790221,
    0.23553863564110777,
    0.2348307301016415,
    0.23259437259505777,
    0.2331149813997776,
    0.23164911937835575,
    0.23003357260123544
  ],
  "train_acc": [
    13.148,
    30.71,
    44.01,
    53.216,
    58.822,
    63.404,
    66.508,
    69.136,
    71.142,
    73.254,
    75.07,
    76.552,
    78.29,
    79.726,
    80.906,
    82.242,
    83.538,
    84.578,
    85.874,
    86.756,
    87.676,
    88.438,
    89.328,
    90.132,
    91.086,
    91.524,
    92.216,
    92.744,
    93.146,
    93.726,
    94.3,
    94.73,
    95.132,
    95.5,
    95.766,
    95.998,
    96.502,
    96.718,
    96.916,
    97.238,
    97.372,
    97.56,
    97.68,
    97.904,
    97.988,
    98.206,
    98.344,
    98.448,
    98.502,
    98.574
  ]
}