{
  "epochs": [
    1,
    2,
    3,
    4,
    5,
    6,
    7,
    8,
    9,
    10,
    11,
    12,
    13,
    14,
    15,
    16,
    17,
    18,
    19,
    20,
    21,
    22,
    23,
    24,
    25,
    26,
    27,
    28,
    29,
    30,
    31,
    32,
    33,
    34,
    35,
    36,
    37,
    38,
    39,
    40,
    41,
    42,
    43,
    44,
    45,
    46,
    47,
    48,
    49,
    50
  ],
  "contrastive_loss": [
    0.9584900360278157,
    0.7247772382958161,
    0.5899322061130153,
    0.5140779209716241,
    0.46615859035335844,
    0.43653652910381324,
    0.41323980811002003,
    0.39738749703178017,
    0.3807500185411605,
    0.3701754583574622,
    0.3600267341832066,
    0.3505166025112962,
    0.3412426112557921,
    0.333591093111526,
    0.3260518789596265,
    0.31921241525798805,
    0.31409296511536666,
    0.3066550599949439,
    0.3012992943186894,
    0.2971160309317777,
    0.29226893278034144,
    0.28899063916919787,
    0.2831949946063254,
    0.27953401440397246,
    0.2763627312905953,
    0.2723914189716739,
    0.2685346796994319,
    0.26540775105471504,
    0.264410608641022,
    0.2601375221596349,
    0.25847317019234534,
    0.2543128384348681,
    0.2533086649597148,
    0.2513175367013268,
    0.24864858449877375,
    0.24665624398709562,
    0.2462001227585556,
    0.24387408758673218,
    0.2405564839882619,
    0.24130791924951023,
    0.2391458630104504,
    0.23820183786284893,
    0.23645222587201298,
    0.23537108789929342,
    0.23326371766417228,
    0.2323461515290658,
    0.2310348567755326,
    0.2309437540104932,
    0.22954277823800626,
    0.22960951386967585
  ],
  "train_acc": [
    13.066,
    30.678,
    44.396,
    53.184,
    59.39,
    63.688,
    67.06,
    69.452,
    71.768,
    73.478,
    74.968,
    76.836,
    78.118,
    79.588,
    81.176,
    82.122,
    83.418,
    84.836,
    85.684,
    86.794,
    87.62,
    88.488,
    89.5,
    90.086,
    90.784,
    91.402,
    92.334,
    92.748,
    93.308,
    93.824,
    94.256,
    94.758,
    95.234,
    95.398,
    95.86,
    96.11,
    96.336,
    96.712,
    96.95,
    97.076,
    97.438,
    97.642,
    97.762,
    97.986,
    98.054,
    98.144,
    98.254,
    98.406,
    98.55,
    98.642
  ]
}