{
  "epochs": [
    1,
    2,
    3,
    4,
    5,
    6,
    7,
    8,
    9,
    10,
    11,
    12,
    13,
    14,
    15,
    16,
    17,
    18,
    19,
    20,
    21,
    22,
    23,
    24,
    25,
    26,
    27,
    28,
    29,
    30,
    31,
    32,
    33,
    34,
    35,
    36,
    37,
    38,
    39,
    40
  ],
  "contrastive_loss": [
    0.9424061720328563,
    0.7395077805080073,
    0.6858882591547564,
    0.6584528111435873,
    0.6428321186843735,
    0.6289816696168212,
    0.6183000414267831,
    0.6116789294325787,
    0.604297564005303,
    0.5992048818741917,
    0.5926761300972355,
    0.5864043842496165,
    0.5824049956658307,
    0.5793912330704272,
    0.5733435135668196,
    0.5667301390482031,
    0.5635180483998545,
    0.5596897213355355,
    0.5565627318666414,
    0.5524287028690739,
    0.5509192874974302,
    0.5420086292354652,
    0.5413967727700157,
    0.5380690295220641,
    0.5336350012770699,
    0.530106970263869,
    0.5276087366254129,
    0.5260999729413816,
    0.523725730531356,
    0.5192783176898956,
    0.517700215815888,
    0.51614622676464,
    0.51285660541271,
    0.5102300665262715,
    0.5084763926923123,
    0.5061769326934424,
    0.5043946200472009,
    0.5023130386534249,
    0.5013340400612872,
    0.49660330202878283
  ],
  "train_acc": [
    9.86,
    23.678,
    31.524,
    35.634,
    38.016,
    40.154,
    41.626,
    42.806,
    43.896,
    44.822,
    45.244,
    45.542,
    46.5,
    46.644,
    46.772,
    47.346,
    47.43,
    48.126,
    48.016,
    47.94,
    48.352,
    48.806,
    48.904,
    49.066,
    48.978,
    49.51,
    49.72,
    49.558,
    49.43,
    49.82,
    49.652,
    49.772,
    50.198,
    49.998,
    50.51,
    50.384,
    50.036,
    50.344,
    50.478,
    50.672
  ]
}