{
  "epochs": [
    1,
    2,
    3,
    4,
    5,
    6,
    7,
    8,
    9,
    10,
    11,
    12,
    13,
    14,
    15,
    16,
    17,
    18,
    19,
    20,
    21,
    22,
    23,
    24,
    25,
    26,
    27,
    28,
    29,
    30,
    31,
    32,
    33,
    34,
    35,
    36,
    37,
    38,
    39,
    40,
    41,
    42,
    43,
    44,
    45,
    46,
    47,
    48,
    49,
    50
  ],
  "contrastive_loss": [
    0.9743970791092309,
    0.7901066088920359,
    0.6975851862326913,
    0.6269988443540491,
    0.5773576254125141,
    0.5399058060268002,
    0.5134322973315978,
    0.49064587464417947,
    0.4725898722248614,
    0.4588912220104881,
    0.44375443268005194,
    0.4330373644981238,
    0.4207021816612205,
    0.41190287043981233,
    0.40329219587623616,
    0.393632615466252,
    0.3851013896257981,
    0.3768873354205695,
    0.37030492216119987,
    0.36406195628673527,
    0.3562841943615233,
    0.35023999107463283,
    0.34371440428907,
    0.33815363872691495,
    0.33106249212608924,
    0.3262617559079319,
    0.3227167958036408,
    0.3187515788599658,
    0.31130094029714384,
    0.3080760248176887,
    0.30343732455045064,
    0.2970219270500076,
    0.29538711810203466,
    0.2910703191595614,
    0.28723712680894703,
    0.28359312554607,
    0.2826888283805164,
    0.27759413783202697,
    0.27711635664143525,
    0.2729476932674418,
    0.2710855914961042,
    0.269217801863885,
    0.2659367256990784,
    0.2659447072335826,
    0.2642423063516617,
    0.2629504973626198,
    0.26072931929927345,
    0.25767081446202517,
    0.2595922610415217,
    0.25498934879022483
  ],
  "train_acc": [
    10.396,
    23.648,
    34.266,
    43.21,
    49.77,
    55.04,
    58.832,
    62.288,
    65.332,
    67.418,
    69.896,
    71.336,
    73.232,
    74.84,
    76.592,
    77.91,
    79.36,
    80.572,
    81.974,
    83.0,
    84.192,
    85.312,
    86.42,
    87.464,
    88.342,
    89.174,
    89.988,
    90.414,
    91.17,
    92.104,
    92.698,
    93.436,
    93.884,
    94.338,
    94.818,
    95.3,
    95.56,
    96.104,
    96.38,
    96.67,
    96.828,
    97.102,
    97.426,
    97.632,
    97.778,
    97.802,
    98.146,
    98.47,
    98.392,
    98.628
  ]
}