{
  "epochs": [
    1,
    2,
    3,
    4,
    5,
    6,
    7,
    8,
    9,
    10,
    11,
    12,
    13,
    14,
    15,
    16,
    17,
    18,
    19,
    20,
    21,
    22,
    23,
    24,
    25,
    26,
    27,
    28,
    29,
    30,
    31,
    32,
    33,
    34,
    35,
    36,
    37,
    38,
    39,
    40,
    41,
    42,
    43,
    44,
    45,
    46,
    47,
    48,
    49,
    50
  ],
  "contrastive_loss": [
    0.9774541646013479,
    0.852363526668695,
    0.7983715715615646,
    0.7665713962996402,
    0.7388465666709958,
    0.7211863429802458,
    0.7004161300256734,
    0.6812503839392796,
    0.6607989533173154,
    0.6411029698751162,
    0.622782882598355,
    0.6062319257375225,
    0.5943650327375173,
    0.5814207738165356,
    0.5659342048418187,
    0.5564606733181897,
    0.5426313396152633,
    0.531647228600119,
    0.5206609823362297,
    0.5092542349072673,
    0.5014814198626887,
    0.49039584642176126,
    0.4805390715141735,
    0.46974568255722066,
    0.45977955416340355,
    0.4507063023574517,
    0.4432319768554414,
    0.4357005882903438,
    0.42559277843636323,
    0.41785626071493337,
    0.4100350743669378,
    0.40268990283122147,
    0.39307528101574735,
    0.3876596285254144,
    0.37742788811473893,
    0.37186583556482555,
    0.3658442225907465,
    0.35750495282280476,
    0.35371900488958335,
    0.34771652675955494,
    0.3427572427960613,
    0.3351377818133215,
    0.33173070966130325,
    0.3291742731924252,
    0.32213538511634787,
    0.3180239275288399,
    0.3140077815031457,
    0.3093720250346167,
    0.3048361895410606,
    0.30368115080287084
  ],
  "train_acc": [
    8.03,
    13.88,
    20.068,
    24.58,
    28.52,
    32.148,
    35.812,
    39.016,
    41.778,
    44.9,
    47.46,
    50.524,
    52.602,
    54.934,
    56.764,
    58.66,
    60.692,
    62.218,
    63.82,
    65.544,
    66.84,
    68.682,
    69.758,
    71.428,
    72.506,
    74.154,
    74.984,
    76.52,
    77.566,
    78.836,
    80.0,
    81.066,
    82.34,
    83.16,
    84.364,
    85.038,
    86.016,
    86.89,
    87.704,
    88.584,
    89.244,
    90.166,
    90.66,
    91.312,
    92.074,
    92.44,
    92.986,
    93.484,
    93.914,
    94.324
  ]
}