{
  "epochs": [
    1,
    2,
    3,
    4,
    5,
    6,
    7,
    8,
    9,
    10,
    11,
    12,
    13,
    14,
    15,
    16,
    17,
    18,
    19,
    20,
    21,
    22,
    23,
    24,
    25,
    26,
    27,
    28,
    29,
    30,
    31,
    32,
    33,
    34,
    35,
    36,
    37,
    38,
    39,
    40,
    41,
    42,
    43,
    44,
    45,
    46,
    47,
    48,
    49,
    50
  ],
  "contrastive_loss": [
    5.057635101905236,
    4.076975810833466,
    3.2713444165694407,
    2.568214227908697,
    2.0127797013674025,
    1.5486695191799067,
    1.2405001236842228,
    1.0187780647705762,
    0.8604635914166768,
    0.7418046644100776,
    0.6370665804697917,
    0.5504280253098561,
    0.4855541880314167,
    0.4326010153843806,
    0.38392847837545935,
    0.3449743635379351,
    0.31268376673643405,
    0.2841870497816648,
    0.25899427827352134,
    0.23844706935760301,
    0.21788416665333968,
    0.2025815114378929,
    0.187688354574717,
    0.17331837224654661,
    0.16309976019920447,
    0.1505248813292919,
    0.13910601481031148,
    0.134628258091517,
    0.1249116549316125,
    0.11448279477846929,
    0.11013265838607764,
    0.09878099558827205,
    0.09538728775313267,
    0.0866391797000781,
    0.07898599591392737,
    0.07362637623953514,
    0.06878971291276124,
    0.06363964331073639,
    0.05605195218171829,
    0.05255784431997782,
    0.04777248164591117,
    0.044530830952601554,
    0.041826088898457014,
    0.03874664369206398,
    0.03604766751806705,
    0.034239710022050604,
    0.03283301744705591,
    0.03228538623318458,
    0.03144881817965935,
    0.03150139923374622
  ],
  "train_acc": [
    10.616987179487179,
    25.953525641025642,
    38.01081730769231,
    46.71474358974359,
    52.399839743589745,
    57.473958333333336,
    61.217948717948715,
    63.91426282051282,
    66.00560897435898,
    67.39383012820512,
    68.64182692307692,
    69.59334935897436,
    70.78525641025641,
    71.2860576923077,
    71.97115384615384,
    72.81850961538461,
    73.30328525641026,
    73.99038461538461,
    74.53926282051282,
    74.97796474358974,
    75.859375,
    76.3661858974359,
    76.85096153846153,
    77.23157051282051,
    77.82451923076923,
    78.32532051282051,
    78.88421474358974,
    79.38501602564102,
    79.68349358974359,
    80.47275641025641,
    80.99559294871794,
    81.5604967948718,
    81.80689102564102,
    82.56209935897436,
    83.15104166666667,
    84.15665064102564,
    84.28084935897436,
    84.93990384615384,
    85.96955128205128,
    86.72876602564102,
    86.96113782051282,
    87.67828525641026,
    88.18509615384616,
    88.46554487179488,
    88.93229166666667,
    89.23076923076923,
    89.56530448717949,
    89.79967948717949,
    89.85576923076923,
    89.72155448717949
  ],
  "test_acc": [
    0.91,
    22.04,
    33.13,
    43.59,
    45.29,
    50.78,
    54.06,
    57.51,
    59.22,
    60.35,
    61.35,
    62.48,
    61.77,
    64.02,
    63.91,
    65.43,
    65.11,
    65.69,
    66.1,
    66.66,
    67.1,
    67.38,
    68.01,
    68.05,
    69.39,
    68.98,
    68.58,
    69.53,
    70.17,
    70.44,
    69.31,
    70.4,
    70.58,
    71.09,
    72.11,
    71.66,
    72.03,
    72.52,
    73.26,
    73.58,
    73.54,
    74.09,
    74.3,
    74.43,
    74.38,
    74.84,
    74.8,
    74.79,
    74.86,
    74.76
  ]
}