{
  "epochs": [
    1,
    2,
    3,
    4,
    5,
    6,
    7,
    8,
    9,
    10,
    11,
    12,
    13,
    14,
    15,
    16,
    17,
    18,
    19,
    20,
    21,
    22,
    23,
    24,
    25,
    26,
    27,
    28,
    29,
    30,
    31,
    32,
    33,
    34,
    35,
    36,
    37,
    38,
    39,
    40,
    41,
    42,
    43,
    44,
    45,
    46,
    47,
    48,
    49,
    50
  ],
  "contrastive_loss": [
    3.9807547838259967,
    2.4027440013029637,
    1.8350321522125832,
    1.5272870305256965,
    1.390214234437698,
    1.2700286036882644,
    1.1629647361926543,
    1.0522477075075491,
    0.9798738063910069,
    0.9288352108918704,
    0.8957687359589797,
    0.8395360321570665,
    0.7886271897034768,
    0.7529581875373156,
    0.7242323013452383,
    0.6955731333830417,
    0.6666958711086175,
    0.6382351080576579,
    0.6159806941564266,
    0.5928632315916893,
    0.5711536186627852,
    0.5497699937759302,
    0.5273122819570395,
    0.5109654490000163,
    0.4957563904615549,
    0.4688971371986927,
    0.44690042420839654,
    0.43256149796339183,
    0.4152883944603113,
    0.39753223955631256,
    0.3765376466207015,
    0.36508897978525895,
    0.34132807904329054,
    0.3242827369998663,
    0.30288297350590043,
    0.28811784864236145,
    0.27044199922910106,
    0.25495241036017735,
    0.2445673629259452,
    0.22319227686295143,
    0.21491820514202117,
    0.20205722787441352,
    0.19294966042805942,
    0.18507230266546593,
    0.18230174149458225,
    0.18250076453655195,
    0.18147270186589315,
    0.20423485820110027,
    0.23290165739181715,
    0.2595081859292128
  ],
  "train_acc": [
    11.911057692307692,
    31.584535256410255,
    44.92588141025641,
    51.58052884615385,
    56.173878205128204,
    59.889823717948715,
    62.87860576923077,
    65.32251602564102,
    67.1474358974359,
    68.89623397435898,
    70.3125,
    71.33213141025641,
    72.64022435897436,
    73.82211538461539,
    74.8798076923077,
    75.94350961538461,
    76.45032051282051,
    77.3798076923077,
    77.95472756410257,
    78.86017628205128,
    79.64142628205128,
    80.26842948717949,
    81.09375,
    81.71073717948718,
    82.5400641025641,
    83.28125,
    84.11258012820512,
    84.7235576923077,
    85.30448717948718,
    86.27403846153847,
    86.82491987179488,
    87.3457532051282,
    88.44951923076923,
    88.99238782051282,
    89.82972756410257,
    90.56891025641026,
    91.2079326923077,
    91.79086538461539,
    92.46995192307692,
    93.02083333333333,
    93.4755608974359,
    94.07251602564102,
    94.40705128205128,
    94.79166666666667,
    95.12219551282051,
    95.28846153846153,
    95.47876602564102,
    95.61498397435898,
    95.80528846153847,
    95.72315705128206
  ],
  "test_acc": [
    0.57,
    25.35,
    39.9,
    45.67,
    49.7,
    52.94,
    56.31,
    56.43,
    59.78,
    58.86,
    60.73,
    62.95,
    64.05,
    64.12,
    66.52,
    66.01,
    66.34,
    66.17,
    67.31,
    68.36,
    69.38,
    69.19,
    68.76,
    68.92,
    69.72,
    71.0,
    71.24,
    71.83,
    71.14,
    71.8,
    72.16,
    73.09,
    73.18,
    73.55,
    73.27,
    73.99,
    74.28,
    74.44,
    74.27,
    74.94,
    75.3,
    74.65,
    75.37,
    75.63,
    75.34,
    75.89,
    75.8,
    75.86,
    75.64,
    75.68
  ]
}