{
  "epochs": [
    1,
    2,
    3,
    4,
    5,
    6,
    7,
    8,
    9,
    10,
    11,
    12,
    13,
    14,
    15,
    16,
    17,
    18,
    19,
    20,
    21,
    22,
    23,
    24,
    25,
    26,
    27,
    28,
    29,
    30,
    31,
    32,
    33,
    34,
    35,
    36,
    37,
    38,
    39,
    40,
    41,
    42,
    43,
    44,
    45,
    46,
    47,
    48,
    49,
    50
  ],
  "contrastive_loss": [
    2.6596248349570253,
    0.8608013255821775,
    0.4835134055608374,
    0.35283307350047716,
    0.27778614020865894,
    0.24762249861836738,
    0.2147190991188864,
    0.19488153936308059,
    0.18289213013999603,
    0.16801825480159285,
    0.15903989364728904,
    0.1464563108732938,
    0.14342464721949813,
    0.13539653040868851,
    0.12647456769138346,
    0.11987931136508732,
    0.11403573144351126,
    0.11100015668269923,
    0.10459180525920884,
    0.10325905907413234,
    0.09719595219701757,
    0.09500062329423092,
    0.08913318813799898,
    0.08636751182167732,
    0.08193227402923052,
    0.08240795100245939,
    0.07854182086408595,
    0.07366186311787656,
    0.0749340494975562,
    0.06985946717050374,
    0.07045849164009399,
    0.06568733634203291,
    0.06692174642020479,
    0.062423350961159564,
    0.06263892003870986,
    0.05872076286760437,
    0.05855995879682434,
    0.059338099911542194,
    0.05561219862736095,
    0.05363955090532217,
    0.05234236126798955,
    0.05437367537137493,
    0.050521081237270095,
    0.05086943256142347,
    0.050623440433798544,
    0.04826301567332671,
    0.046364850705237035,
    0.046240199362034995,
    0.04577527856430434,
    0.04537978384862928
  ],
  "train_acc": [
    17.196,
    34.382,
    43.724,
    49.194,
    52.848,
    56.21,
    58.63,
    60.734,
    62.396,
    63.96,
    65.122,
    66.73,
    67.564,
    68.818,
    70.116,
    71.262,
    72.266,
    72.948,
    74.1,
    74.67,
    75.468,
    76.112,
    76.994,
    77.5,
    78.734,
    78.668,
    79.568,
    80.304,
    80.69,
    81.366,
    81.934,
    82.374,
    82.928,
    83.502,
    83.78,
    84.466,
    84.96,
    85.088,
    85.494,
    86.07,
    86.332,
    86.516,
    87.096,
    87.388,
    87.65,
    87.872,
    88.338,
    88.778,
    88.848,
    88.814
  ]
}