{
  "epochs": [
    1,
    2,
    3,
    4,
    5,
    6,
    7,
    8,
    9,
    10,
    11,
    12,
    13,
    14,
    15,
    16,
    17,
    18,
    19,
    20,
    21,
    22,
    23,
    24,
    25,
    26,
    27,
    28,
    29,
    30,
    31,
    32,
    33,
    34,
    35,
    36,
    37,
    38,
    39,
    40,
    41,
    42,
    43,
    44,
    45,
    46,
    47,
    48,
    49,
    50
  ],
  "contrastive_loss": [
    0.9579290461052409,
    0.7521967174451979,
    0.6539087756667905,
    0.5941209395980591,
    0.5573646596173192,
    0.5314256927698774,
    0.5062671544606728,
    0.4901870507413469,
    0.4740777915091161,
    0.45825997406564406,
    0.44638565175063777,
    0.43567658187178393,
    0.42353098898592506,
    0.41065881326985176,
    0.40218853508420005,
    0.39231747350729335,
    0.3794299697936953,
    0.3705471671374558,
    0.3629491260594419,
    0.35305122638602393,
    0.34262167332727284,
    0.3330100203871422,
    0.324931088882639,
    0.31540403787589744,
    0.3075825407376985,
    0.3008978760913205,
    0.29306715726852417,
    0.2858974947344007,
    0.27705570045487043,
    0.2716063527423707,
    0.26591951988847057,
    0.25737309246264456,
    0.25062142141029964,
    0.24791237578520078,
    0.2432324913380396,
    0.23770592363594134,
    0.2325735163429509,
    0.22602883552956154,
    0.22394607850657705,
    0.22106436721961517,
    0.21516295711097816,
    0.21458781630639226,
    0.2110949679637504,
    0.20999729534244294,
    0.20522968897886593,
    0.20376537812640294,
    0.20306811525541194,
    0.20147858441943098,
    0.19837655519585476,
    0.19667579805302193
  ],
  "train_acc": [
    10.372,
    22.362,
    31.36,
    38.136,
    43.608,
    47.424,
    51.226,
    54.106,
    56.926,
    59.188,
    61.428,
    63.534,
    65.284,
    67.232,
    69.038,
    70.736,
    72.4,
    74.002,
    75.304,
    76.938,
    78.7,
    79.732,
    81.15,
    82.776,
    83.62,
    84.868,
    86.026,
    87.072,
    88.306,
    89.192,
    89.972,
    90.854,
    91.728,
    92.49,
    92.908,
    93.672,
    94.128,
    94.812,
    95.292,
    95.614,
    96.208,
    96.474,
    96.762,
    97.0,
    97.174,
    97.63,
    97.694,
    97.886,
    98.08,
    98.248
  ]
}