{
  "epochs": [
    1,
    2,
    3,
    4,
    5,
    6,
    7,
    8,
    9,
    10,
    11,
    12,
    13,
    14,
    15,
    16,
    17,
    18,
    19,
    20,
    21,
    22,
    23,
    24,
    25,
    26,
    27,
    28,
    29,
    30,
    31,
    32,
    33,
    34,
    35,
    36,
    37,
    38,
    39,
    40,
    41,
    42,
    43,
    44,
    45,
    46,
    47,
    48,
    49,
    50
  ],
  "contrastive_loss": [
    0.8281506642966014,
    0.4805829329106509,
    0.3820959576560408,
    0.34003986734563435,
    0.3137966342594313,
    0.29715659757099494,
    0.28253594303832336,
    0.2731421683221827,
    0.2640558760565565,
    0.2559588672331227,
    0.24765428188054459,
    0.23955173767588633,
    0.2325036415206197,
    0.22507893139748927,
    0.21762120174934796,
    0.21426296874385356,
    0.20624159646156193,
    0.2009088746879412,
    0.1940662334947025,
    0.18890054744985096,
    0.1838970996839616,
    0.17868875252926136,
    0.17286055979064052,
    0.1696090213096965,
    0.16227398664140336,
    0.15828827816202207,
    0.15343355065416497,
    0.14963786010547062,
    0.1468044449491879,
    0.1423483097644718,
    0.13878674065822835,
    0.1358351146664156,
    0.1314535349645578,
    0.1290138526378995,
    0.12688482590877187,
    0.12337759232429592,
    0.1199540274260599,
    0.11657029163578282,
    0.11660031379793612,
    0.11385955185155429,
    0.11236979574193735,
    0.11140107060484875,
    0.10724885998022221,
    0.10741071391593465,
    0.10673064153517603,
    0.10628037318549192,
    0.10236149174554268,
    0.10109092634352272,
    0.10085335067089866,
    0.10024681916017361
  ],
  "train_acc": [
    15.434,
    32.724,
    42.866,
    49.378,
    54.276,
    57.916,
    61.068,
    63.748,
    65.95,
    67.754,
    69.77,
    71.89,
    73.158,
    75.008,
    76.514,
    77.782,
    79.414,
    80.668,
    81.938,
    83.294,
    84.46,
    85.308,
    86.8,
    87.688,
    88.644,
    89.674,
    90.496,
    91.116,
    91.602,
    92.556,
    93.212,
    93.744,
    94.358,
    94.8,
    95.32,
    95.562,
    95.912,
    96.534,
    96.594,
    97.024,
    97.308,
    97.348,
    97.784,
    97.808,
    98.052,
    98.198,
    98.388,
    98.564,
    98.602,
    98.73
  ]
}