{
  "epochs": [
    1,
    2,
    3,
    4,
    5,
    6,
    7,
    8,
    9,
    10,
    11,
    12,
    13,
    14,
    15,
    16,
    17,
    18,
    19,
    20,
    21,
    22,
    23,
    24,
    25,
    26,
    27,
    28,
    29,
    30,
    31,
    32,
    33,
    34,
    35,
    36,
    37,
    38,
    39,
    40,
    41,
    42,
    43,
    44,
    45,
    46,
    47,
    48,
    49,
    50
  ],
  "contrastive_loss": [
    2.2260998627718758,
    0.6387955102011981,
    0.33500472854470353,
    0.23296176663140203,
    0.1788402523874017,
    0.1556432599873494,
    0.13650643804570292,
    0.12141716928052171,
    0.11322578578196524,
    0.1067164810779302,
    0.1001738972790406,
    0.09212622953497845,
    0.08903186945506679,
    0.08451482654570619,
    0.07947483335805061,
    0.0739030174987243,
    0.07480192829466537,
    0.06874013450139624,
    0.06416416845625014,
    0.06476265801798048,
    0.06184360174381215,
    0.06046042840956422,
    0.05544109425276442,
    0.054765532579263455,
    0.051688350946702,
    0.04992225736646396,
    0.04961465753595847,
    0.05091136824482542,
    0.04817336746741591,
    0.04449663973887406,
    0.042753317167082104,
    0.043310920376797464,
    0.044442767587006854,
    0.03940806441161486,
    0.0372260657789381,
    0.03725554576367521,
    0.03610087823494316,
    0.03699076809751256,
    0.03700169770861678,
    0.03412904122563274,
    0.03116316013895642,
    0.03498370451924136,
    0.03222648798466644,
    0.03134691117860167,
    0.03188406652473199,
    0.030090024589996815,
    0.031563820769948424,
    0.029489576768920854,
    0.028250811802571083,
    0.02743044969104135
  ],
  "train_acc": [
    16.83,
    33.424,
    42.23,
    47.628,
    51.254,
    54.268,
    56.774,
    58.868,
    60.504,
    61.834,
    62.836,
    64.49,
    65.624,
    66.476,
    67.686,
    68.978,
    69.408,
    70.328,
    71.342,
    71.706,
    72.556,
    73.094,
    74.196,
    74.704,
    75.58,
    76.052,
    76.532,
    76.878,
    77.36,
    78.244,
    79.024,
    79.142,
    79.314,
    80.118,
    81.334,
    81.236,
    82.188,
    82.148,
    82.162,
    82.946,
    83.748,
    83.54,
    84.296,
    84.61,
    84.624,
    85.424,
    85.424,
    85.826,
    86.554,
    86.608
  ]
}