{
  "epochs": [
    1,
    2,
    3,
    4,
    5,
    6,
    7,
    8,
    9,
    10,
    11,
    12,
    13,
    14,
    15,
    16,
    17,
    18,
    19,
    20,
    21,
    22,
    23,
    24,
    25,
    26,
    27,
    28,
    29,
    30,
    31,
    32,
    33,
    34,
    35,
    36,
    37,
    38,
    39,
    40,
    41,
    42,
    43,
    44,
    45,
    46,
    47,
    48,
    49,
    50
  ],
  "train_loss": [
    3.681555144927081,
    2.8176436729138463,
    2.3067039681212678,
    1.9660686696581828,
    1.7338448442766428,
    1.5574351466830125,
    1.413346079304395,
    1.288740849098586,
    1.1778152553016876,
    1.0814461441296142,
    1.0007936434672617,
    0.914265452900811,
    0.8399166917556997,
    0.7734630345688451,
    0.7057733070819884,
    0.6445847852608128,
    0.588802774315295,
    0.5376026647932389,
    0.48746206571378975,
    0.436593209309956,
    0.4034523965833742,
    0.3709137274709809,
    0.33981442638217946,
    0.3074552009401419,
    0.2878862583957365,
    0.2511150742240269,
    0.23670318726535952,
    0.23581739387396353,
    0.22255046671385045,
    0.20608808944368606,
    0.1828016007171415,
    0.17364620175355536,
    0.17262586810247368,
    0.1687996205504593,
    0.1639461944456143,
    0.15168495066559223,
    0.14347342571334157,
    0.12926346939200026,
    0.13834708868085271,
    0.13393714943009874,
    0.12336999553796428,
    0.12536029997841477,
    0.11657537887697025,
    0.10860909631147105,
    0.11234400734838927,
    0.11199512459871257,
    0.10657911337530979,
    0.10024827387650757,
    0.10199286756546372,
    0.0971776453582832
  ],
  "train_acc": [
    13.052,
    27.98,
    38.418,
    46.1,
    51.456,
    55.862,
    59.396,
    62.436,
    65.496,
    68.026,
    69.944,
    72.274,
    74.522,
    76.01,
    78.034,
    79.702,
    81.29,
    82.826,
    84.442,
    85.838,
    86.818,
    88.032,
    88.662,
    90.006,
    90.57,
    91.684,
    92.134,
    92.28,
    92.598,
    93.24,
    93.948,
    94.232,
    94.262,
    94.448,
    94.474,
    95.016,
    95.164,
    95.798,
    95.462,
    95.632,
    95.962,
    95.878,
    96.13,
    96.45,
    96.276,
    96.376,
    96.526,
    96.604,
    96.666,
    96.864
  ]
}