{
  "epochs": [
    1,
    2,
    3,
    4,
    5,
    6,
    7,
    8,
    9,
    10,
    11,
    12,
    13,
    14,
    15,
    16,
    17,
    18,
    19,
    20,
    21,
    22,
    23,
    24,
    25,
    26,
    27,
    28,
    29,
    30,
    31,
    32,
    33,
    34,
    35,
    36,
    37,
    38,
    39,
    40,
    41,
    42,
    43,
    44,
    45,
    46,
    47,
    48,
    49,
    50
  ],
  "contrastive_loss": [
    0.7148409655027073,
    0.4649328288367337,
    0.30312782811844136,
    0.20212774950525034,
    0.14645660237964156,
    0.1106514045420815,
    0.08730105980468528,
    0.07049820931328227,
    0.058910681539789185,
    0.05107441952313913,
    0.04318157384824722,
    0.037220034998415225,
    0.032809725398069145,
    0.02985845113177891,
    0.026595584324101352,
    0.023487221211423655,
    0.021249677514290567,
    0.02008288157413073,
    0.018173835118827614,
    0.016688149634396177,
    0.015377398613659317,
    0.014660328392015622,
    0.013385660222271825,
    0.012382997904935151,
    0.01134823926169511,
    0.011645895939872926,
    0.010518340143205985,
    0.009892442131467411,
    0.008989577273340404,
    0.009255266178499364,
    0.008961524723855125,
    0.00871814830262033,
    0.007444043605662216,
    0.007543348317818188,
    0.007181329197724304,
    0.00704983632077875,
    0.006080455284284623,
    0.007022711517446486,
    0.006553838748241897,
    0.005772986082488771,
    0.006040043214245525,
    0.0059605056480707035,
    0.006397933869496407,
    0.005150269371007219,
    0.0048528441098159006,
    0.0056399497164227545,
    0.0046417024391500845,
    0.0038014577208634686,
    0.0056321678684352686,
    0.004108728128163825
  ],
  "train_acc": [
    10.564,
    27.052,
    38.068,
    45.812,
    50.802,
    55.056,
    58.172,
    60.752,
    62.91,
    64.44,
    66.15,
    67.422,
    68.88,
    69.746,
    70.616,
    72.024,
    73.02,
    73.562,
    74.598,
    75.116,
    76.118,
    76.434,
    77.24,
    78.012,
    78.802,
    78.524,
    79.284,
    80.136,
    80.856,
    81.032,
    81.272,
    81.29,
    82.77,
    82.952,
    83.078,
    83.37,
    84.444,
    83.924,
    84.126,
    85.234,
    84.956,
    85.254,
    84.69,
    86.038,
    86.696,
    85.892,
    87.296,
    88.24,
    86.702,
    88.006
  ]
}