{
  "epochs": [
    1,
    2,
    3,
    4,
    5,
    6,
    7,
    8,
    9,
    10,
    11,
    12,
    13,
    14,
    15,
    16,
    17,
    18,
    19,
    20,
    21,
    22,
    23,
    24,
    25,
    26,
    27,
    28,
    29,
    30,
    31,
    32,
    33,
    34,
    35,
    36,
    37,
    38,
    39,
    40,
    41,
    42,
    43,
    44,
    45,
    46,
    47,
    48,
    49,
    50
  ],
  "contrastive_loss": [
    4.491715839146958,
    2.93111409098291,
    2.0128092512755136,
    1.5404262564066427,
    1.2656942372736724,
    1.0808118650370546,
    0.9417677649756526,
    0.8347349191260764,
    0.7459330142611433,
    0.678103635073318,
    0.6215329162604973,
    0.5714450483889226,
    0.5208922857823579,
    0.4824289488975349,
    0.44373300153276196,
    0.40570709193149185,
    0.38055131159475086,
    0.3505422797654291,
    0.32789996830398777,
    0.3092280983772424,
    0.29514549905076964,
    0.2816486340730696,
    0.270659288672535,
    0.2626405217687187,
    0.2514364026925143,
    0.24807110466920507,
    0.23831157218617247,
    0.2330213770308458,
    0.22527008631345255,
    0.22317145055974535,
    0.21832535231052458,
    0.21290403440632782,
    0.209201710379642,
    0.20715881358174718,
    0.20297231774805757,
    0.20046584144272767,
    0.19691406651531035,
    0.1933615093722063,
    0.1905889521017099,
    0.1900514220185292,
    0.1855782764723234,
    0.18374356509322096,
    0.18142297639108984,
    0.1807997672987716,
    0.17831427899315533,
    0.1766041232191998,
    0.1751447300167035,
    0.17130903392801505,
    0.17110142641512635,
    0.167998838264619
  ],
  "train_acc": [
    11.99,
    28.594,
    39.698,
    46.748,
    51.46,
    54.682,
    56.75,
    58.556,
    59.996,
    60.952,
    62.146,
    62.762,
    63.836,
    64.654,
    65.612,
    65.688,
    67.034,
    67.36,
    68.09,
    68.55,
    69.528,
    69.726,
    70.364,
    70.754,
    71.54,
    71.708,
    72.408,
    72.67,
    73.018,
    73.45,
    73.67,
    73.866,
    74.488,
    74.95,
    75.244,
    75.272,
    75.852,
    76.466,
    76.508,
    76.676,
    76.996,
    77.336,
    77.312,
    77.7,
    77.964,
    78.068,
    78.388,
    78.666,
    78.814,
    79.1
  ]
}