{
  "epochs": [
    1,
    2,
    3,
    4,
    5,
    6,
    7,
    8,
    9,
    10,
    11,
    12,
    13,
    14,
    15,
    16,
    17,
    18,
    19,
    20,
    21,
    22,
    23,
    24,
    25,
    26,
    27,
    28,
    29,
    30,
    31,
    32,
    33,
    34,
    35,
    36,
    37,
    38,
    39,
    40,
    41,
    42,
    43,
    44,
    45,
    46,
    47,
    48,
    49,
    50
  ],
  "contrastive_loss": [
    0.14081607600840765,
    0.0353610316420074,
    0.01754011032278733,
    0.011563094354251308,
    0.009134490841456577,
    0.007686334808626215,
    0.00648412432538255,
    0.005834513062211063,
    0.005144912641152473,
    0.004753426784444648,
    0.0046265945380405925,
    0.004415384612267699,
    0.0038007815693602764,
    0.0037974776697757145,
    0.0034672328523453087,
    0.0032603129318169773,
    0.0034733670936359087,
    0.0031557633024056815,
    0.002779791758650595,
    0.0027205590295660146,
    0.0026631485724397707,
    0.002341681476527601,
    0.0023285130743304137,
    0.0022619486215662526,
    0.0020554871176300415,
    0.0022873503228654263,
    0.002082413994073582,
    0.0017708588032471135,
    0.001965186161035553,
    0.001768772292624959,
    0.0016471355092947555,
    0.0017329806940096532,
    0.0015920126477799491,
    0.001409002585852247,
    0.0017973700058324944,
    0.0015261287321908224,
    0.0015499492537925767,
    0.0012395777202168447,
    0.0017755301560565847,
    0.0011929019489456587,
    0.0010739382050628952,
    0.001097773963822495,
    0.0018087731273261274,
    0.0011353153769490178,
    0.001045333815540861,
    0.0014682571212237085,
    0.0013589899833052112,
    0.0010449212146303652,
    0.0009205330662248308,
    0.0008585485095298751
  ],
  "train_acc": [
    16.414,
    32.748,
    40.51,
    45.858,
    49.078,
    51.734,
    54.174,
    55.886,
    57.598,
    59.006,
    59.762,
    61.07,
    62.458,
    63.232,
    64.104,
    65.114,
    65.274,
    66.366,
    67.944,
    68.022,
    68.842,
    69.872,
    70.362,
    70.858,
    71.764,
    71.712,
    72.4,
    73.698,
    73.624,
    74.368,
    75.01,
    75.428,
    75.704,
    76.634,
    75.764,
    76.814,
    77.028,
    78.758,
    76.634,
    79.088,
    79.872,
    80.598,
    77.994,
    80.258,
    81.186,
    79.884,
    79.922,
    81.51,
    82.566,
    83.038
  ]
}