{
  "epochs": [
    1,
    2,
    3,
    4,
    5,
    6,
    7,
    8,
    9,
    10,
    11,
    12,
    13,
    14,
    15,
    16,
    17,
    18,
    19,
    20,
    21,
    22,
    23,
    24,
    25,
    26,
    27,
    28,
    29,
    30,
    31,
    32,
    33,
    34,
    35,
    36,
    37,
    38,
    39,
    40,
    41,
    42,
    43,
    44,
    45,
    46,
    47,
    48,
    49,
    50
  ],
  "contrastive_loss": [
    0.9198338993065193,
    0.6334715484810607,
    0.525020426267858,
    0.4731225802008148,
    0.4394217763486726,
    0.41741525738135626,
    0.39776527027949654,
    0.38245363575418284,
    0.3723705134275929,
    0.3576972892750864,
    0.3463566678259379,
    0.33716225418288387,
    0.326591059451213,
    0.3158213183321916,
    0.3070498140495452,
    0.2975427017111303,
    0.2912003766087925,
    0.2817154633800697,
    0.2748427425732698,
    0.26541714092044877,
    0.2571277179757652,
    0.25079489116321135,
    0.24307155201349723,
    0.23685643534221307,
    0.22839889631551855,
    0.22441485718540524,
    0.21658163069916503,
    0.21053348695073287,
    0.20694188739332703,
    0.19987425577762485,
    0.19567444528002872,
    0.1900682061377084,
    0.18521510350429798,
    0.18252586651488642,
    0.17842756716720284,
    0.1773229332454979,
    0.1710947094404179,
    0.1690315011402835,
    0.16661132075597562,
    0.1643161398294332,
    0.16147193543212798,
    0.15777285761006957,
    0.15532800524740878,
    0.15623274270225973,
    0.1538901006055,
    0.15123771344456832,
    0.14922284853199255,
    0.1476444024449724,
    0.1473108595022765,
    0.14475804656896446
  ],
  "train_acc": [
    13.506,
    29.05,
    38.616,
    45.126,
    50.088,
    53.66,
    56.848,
    59.622,
    62.612,
    64.304,
    66.724,
    68.682,
    70.824,
    72.656,
    74.274,
    75.77,
    77.05,
    78.794,
    80.114,
    81.764,
    83.214,
    84.364,
    85.63,
    86.744,
    87.88,
    88.82,
    90.062,
    90.784,
    91.522,
    92.44,
    92.926,
    93.876,
    94.498,
    94.964,
    95.574,
    95.668,
    96.23,
    96.694,
    96.898,
    97.072,
    97.424,
    97.732,
    97.962,
    98.014,
    98.292,
    98.454,
    98.654,
    98.75,
    98.804,
    98.918
  ]
}