{
  "epochs": [
    1,
    2,
    3,
    4,
    5,
    6,
    7,
    8,
    9,
    10,
    11,
    12,
    13,
    14,
    15,
    16,
    17,
    18,
    19,
    20,
    21,
    22,
    23,
    24,
    25,
    26,
    27,
    28,
    29,
    30,
    31,
    32,
    33,
    34,
    35,
    36,
    37,
    38,
    39,
    40,
    41,
    42,
    43,
    44,
    45,
    46,
    47,
    48,
    49,
    50
  ],
  "contrastive_loss": [
    2.9507732174890426,
    1.040609356387497,
    0.6352095495709373,
    0.4776306483904114,
    0.3913918076192631,
    0.3292784294127808,
    0.2931909911772784,
    0.2623713550436527,
    0.23985231071329483,
    0.21941555449572367,
    0.2055839703363531,
    0.1902395934057053,
    0.17839367704851852,
    0.1698903662469381,
    0.15791296166227298,
    0.15094059520898878,
    0.14221772248558986,
    0.1358123133554483,
    0.1266234681162688,
    0.12198816165518578,
    0.1142680649752812,
    0.11103646417179376,
    0.10948297093667643,
    0.10295283466653751,
    0.0986074183202918,
    0.09754632761144577,
    0.08906810309575952,
    0.08930939310194587,
    0.08471197325288488,
    0.08114389159604717,
    0.07805895464270926,
    0.07583031285068263,
    0.07357546956757145,
    0.07191968934081705,
    0.06964967093999734,
    0.06646347561341417,
    0.06806798258324719,
    0.06257276567618561,
    0.06428315923037127,
    0.0578474789629202,
    0.06375036807849889,
    0.058298024832440155,
    0.056828741336722506,
    0.05586229806856426,
    0.05280397058276417,
    0.05185504470144391,
    0.05448742382361761,
    0.04754423147634319,
    0.04990210993420285,
    0.045263254519580576
  ],
  "train_acc": [
    17.508,
    35.91,
    45.228,
    50.452,
    54.586,
    57.294,
    59.902,
    61.932,
    63.486,
    65.462,
    66.59,
    68.17,
    69.102,
    70.234,
    71.512,
    72.468,
    73.268,
    74.272,
    75.288,
    76.014,
    77.274,
    77.672,
    78.328,
    79.13,
    79.734,
    79.916,
    81.202,
    81.744,
    82.082,
    82.97,
    83.43,
    83.774,
    84.288,
    84.75,
    85.314,
    85.804,
    86.01,
    86.374,
    86.942,
    87.61,
    87.154,
    87.998,
    88.402,
    88.646,
    89.036,
    89.208,
    89.29,
    90.102,
    89.864,
    90.506
  ]
}