{
  "epochs": [
    1,
    2,
    3,
    4,
    5,
    6,
    7,
    8,
    9,
    10,
    11,
    12,
    13,
    14,
    15,
    16,
    17,
    18,
    19,
    20,
    21,
    22,
    23,
    24,
    25,
    26,
    27,
    28,
    29,
    30,
    31,
    32,
    33,
    34,
    35,
    36,
    37,
    38,
    39,
    40,
    41,
    42,
    43,
    44,
    45,
    46,
    47,
    48,
    49,
    50
  ],
  "contrastive_loss": [
    2.788272544398637,
    0.8677208704106948,
    0.46179353687769314,
    0.3260191528464827,
    0.259659827670173,
    0.22400838704517737,
    0.19722245199143734,
    0.18096904755781984,
    0.1687723006624395,
    0.15493574932865475,
    0.1506372285849603,
    0.14143315373021928,
    0.13316386827574972,
    0.12558370556139276,
    0.12489052526557537,
    0.11515920494904604,
    0.11061483613975212,
    0.10729894436457578,
    0.10411411459984073,
    0.10065572318213675,
    0.09562395867484305,
    0.09442164529772366,
    0.09111773812443094,
    0.08689024167902329,
    0.08116153521877725,
    0.08271816409076266,
    0.0798324782715734,
    0.08003319017684368,
    0.07451602951873598,
    0.07375597395479222,
    0.07066682789979688,
    0.07065418124427576,
    0.06737992070291353,
    0.06551947134077701,
    0.06363454658318968,
    0.06152309710755373,
    0.06174238135709482,
    0.059380370485203345,
    0.0586794738221885,
    0.06090817820099766,
    0.05510216848472195,
    0.056136182840446684,
    0.056110162831023526,
    0.051239022985100746,
    0.05103901941853259,
    0.05118098205236523,
    0.05300560785586114,
    0.05076706661935657,
    0.04445698772035444,
    0.04947766092370081
  ],
  "train_acc": [
    17.096,
    34.5,
    43.526,
    49.478,
    53.838,
    56.4,
    58.804,
    60.718,
    62.502,
    63.954,
    65.3,
    66.396,
    67.62,
    68.612,
    69.552,
    70.624,
    71.502,
    72.364,
    72.904,
    74.312,
    75.044,
    75.344,
    76.104,
    76.852,
    77.732,
    77.794,
    78.968,
    79.024,
    79.98,
    80.298,
    80.814,
    81.398,
    82.046,
    82.654,
    83.174,
    83.524,
    83.896,
    84.224,
    84.782,
    84.974,
    85.504,
    85.812,
    85.876,
    86.89,
    87.19,
    87.238,
    87.364,
    87.66,
    88.502,
    88.09
  ]
}