{
  "epochs": [
    1,
    2,
    3,
    4,
    5,
    6,
    7,
    8,
    9,
    10,
    11,
    12,
    13,
    14,
    15,
    16,
    17,
    18,
    19,
    20,
    21,
    22,
    23,
    24,
    25,
    26,
    27,
    28,
    29,
    30,
    31,
    32,
    33,
    34,
    35,
    36,
    37,
    38,
    39,
    40,
    41,
    42,
    43,
    44,
    45,
    46,
    47,
    48,
    49,
    50
  ],
  "contrastive_loss": [
    2.2090811647112716,
    1.4951001387422957,
    1.0078234838707674,
    0.7021682807399184,
    0.5204776788459105,
    0.4068262143360684,
    0.32511522599955656,
    0.2683766106586627,
    0.22492392948064047,
    0.1903569092569144,
    0.166363132445861,
    0.14770070848333866,
    0.1282622804841422,
    0.11351464980322382,
    0.10242041639621606,
    0.09341360781046436,
    0.08565934551189013,
    0.07544078030016112,
    0.07118974714670949,
    0.06908680928294617,
    0.06037463548371706,
    0.057226460636652945,
    0.05310965656681591,
    0.05037699143409424,
    0.04624695487110816,
    0.045289315259479504,
    0.041881703612063545,
    0.0414309591112082,
    0.038221985120755024,
    0.03759279157347081,
    0.035540829862818084,
    0.033553127080316436,
    0.03253401544354761,
    0.03014215453030051,
    0.03133763156859847,
    0.027557116533007922,
    0.02750670499956745,
    0.02627780936572634,
    0.027461941037184138,
    0.024374872286472938,
    0.022010494807206304,
    0.02461325411048844,
    0.02106801613622233,
    0.02212868856690119,
    0.02210990331419136,
    0.020560935685110977,
    0.021613053162879956,
    0.02160662431936816,
    0.018474107589143925,
    0.016062033681861123
  ],
  "train_acc": [
    11.462,
    28.492,
    39.912,
    47.94,
    53.804,
    57.784,
    61.126,
    63.666,
    65.824,
    67.71,
    69.38,
    70.742,
    72.004,
    73.594,
    74.498,
    75.418,
    76.296,
    77.572,
    78.224,
    78.914,
    79.634,
    80.546,
    81.22,
    81.78,
    82.556,
    82.808,
    83.472,
    83.91,
    84.598,
    84.74,
    85.136,
    85.544,
    86.166,
    86.75,
    86.724,
    87.578,
    87.766,
    88.172,
    88.032,
    88.812,
    89.33,
    89.124,
    89.552,
    89.602,
    90.038,
    90.476,
    90.176,
    90.488,
    91.094,
    92.022
  ]
}