{
  "epochs": [
    1,
    2,
    3,
    4,
    5,
    6,
    7,
    8,
    9,
    10,
    11,
    12,
    13,
    14,
    15,
    16,
    17,
    18,
    19,
    20,
    21,
    22,
    23,
    24,
    25,
    26,
    27,
    28,
    29,
    30,
    31,
    32,
    33,
    34,
    35,
    36,
    37,
    38,
    39,
    40,
    41,
    42,
    43,
    44,
    45,
    46,
    47,
    48,
    49,
    50
  ],
  "contrastive_loss": [
    0.9636934167893646,
    0.8112680206213461,
    0.7507432789144004,
    0.708793773904176,
    0.6802205576006409,
    0.6522426131131399,
    0.627291954234433,
    0.6082140480923226,
    0.5898540423959112,
    0.5723880168879428,
    0.5604180198191376,
    0.5454995804430579,
    0.5318427428107737,
    0.5200045091264388,
    0.5093736548710357,
    0.49917563026213585,
    0.48423254276480515,
    0.47495098225296,
    0.4659176326316336,
    0.45513862203759003,
    0.44716921875543914,
    0.4372140413050152,
    0.4271650457626109,
    0.41704589837347456,
    0.4080161958399331,
    0.39948744793682145,
    0.3904129823912745,
    0.3827072299654831,
    0.3730787675246558,
    0.36422265635427004,
    0.3578038632564837,
    0.35095714497596714,
    0.3425134410867301,
    0.3357405793636351,
    0.3273517413212515,
    0.32061107902575636,
    0.31631586313857446,
    0.3080418867147182,
    0.3036701303461324,
    0.2963002654902466,
    0.290459779903407,
    0.2868307375008493,
    0.28274004858777957,
    0.27970628352726207,
    0.27399112276561427,
    0.26925020914553377,
    0.26600754318182424,
    0.26052237105796405,
    0.25894235867216153,
    0.255670347062828
  ],
  "train_acc": [
    8.15,
    15.636,
    21.806,
    26.64,
    31.644,
    36.3,
    39.728,
    42.576,
    45.684,
    48.556,
    51.258,
    52.992,
    55.396,
    57.616,
    59.492,
    61.09,
    62.544,
    64.132,
    65.954,
    67.626,
    68.876,
    70.336,
    71.98,
    73.006,
    74.502,
    75.968,
    77.3,
    78.658,
    79.814,
    80.856,
    82.132,
    83.096,
    84.27,
    85.15,
    86.258,
    87.15,
    87.942,
    88.85,
    89.37,
    90.248,
    91.148,
    91.732,
    92.254,
    92.65,
    93.216,
    93.788,
    94.306,
    94.808,
    95.096,
    95.396
  ]
}