{
  "epochs": [
    1,
    2,
    3,
    4,
    5,
    6,
    7,
    8,
    9,
    10,
    11,
    12,
    13,
    14,
    15,
    16,
    17,
    18,
    19,
    20,
    21,
    22,
    23,
    24,
    25,
    26,
    27,
    28,
    29,
    30,
    31,
    32,
    33,
    34,
    35,
    36,
    37,
    38,
    39,
    40,
    41,
    42,
    43,
    44,
    45,
    46,
    47,
    48,
    49,
    50
  ],
  "contrastive_loss": [
    2.948441630434197,
    1.8502731933008374,
    1.1780905339419079,
    0.7722433790221543,
    0.5383068522071595,
    0.3999687309765145,
    0.31318001910243803,
    0.25368550770422993,
    0.2058027962894391,
    0.17326327920188683,
    0.14819557223554766,
    0.12834911193231793,
    0.10974020819606074,
    0.0986524378818929,
    0.09140075409732511,
    0.07695444542771715,
    0.07171280779268431,
    0.06684481925176233,
    0.059832180876408694,
    0.05770896709597934,
    0.05131896476135077,
    0.04706101743099482,
    0.04265066107158618,
    0.043533626024413595,
    0.03966051756459124,
    0.03604358047856699,
    0.03583333428825259,
    0.032137203761531265,
    0.03197892920573807,
    0.02888365405256791,
    0.027539574386328078,
    0.02827610679999794,
    0.024691968086792533,
    0.025558826904219893,
    0.022763380140085204,
    0.02455685080726967,
    0.020959332247105097,
    0.019206606061257365,
    0.02389601240044131,
    0.021512715155473146,
    0.01600253497324217,
    0.020786148119632086,
    0.020082745208021474,
    0.015991016548327016,
    0.019712217261686045,
    0.016673631627884364,
    0.01568769862103607,
    0.013788038642024216,
    0.01540723823658798,
    0.014858341553126988
  ],
  "train_acc": [
    10.61,
    26.058,
    36.754,
    44.392,
    49.6,
    53.738,
    56.638,
    59.24,
    61.102,
    62.854,
    64.644,
    65.498,
    66.948,
    68.134,
    69.066,
    70.394,
    70.73,
    71.454,
    72.236,
    73.048,
    73.702,
    74.458,
    75.15,
    75.262,
    76.056,
    76.772,
    77.072,
    78.01,
    78.076,
    78.788,
    79.24,
    79.052,
    80.468,
    79.934,
    80.766,
    80.73,
    81.442,
    82.292,
    81.628,
    81.686,
    83.77,
    82.756,
    82.912,
    83.978,
    83.142,
    83.822,
    84.872,
    85.402,
    85.03,
    85.39
  ]
}