{
  "epochs": [
    1,
    2,
    3,
    4,
    5,
    6,
    7,
    8,
    9,
    10,
    11,
    12,
    13,
    14,
    15,
    16,
    17,
    18,
    19,
    20,
    21,
    22,
    23,
    24,
    25,
    26,
    27,
    28,
    29,
    30,
    31,
    32,
    33,
    34,
    35,
    36,
    37,
    38,
    39,
    40,
    41,
    42,
    43,
    44,
    45,
    46,
    47,
    48,
    49,
    50
  ],
  "contrastive_loss": [
    3.0773784605133563,
    0.934735731090731,
    0.47343751643319876,
    0.31433846315611963,
    0.24492105399556172,
    0.19521994210417618,
    0.17429066243607674,
    0.1473148763370331,
    0.13843172704777146,
    0.12224643498354251,
    0.113919724607864,
    0.11000032621957458,
    0.09830871575018939,
    0.09436425527610133,
    0.09056861427090966,
    0.08335976599884765,
    0.08014958275629737,
    0.07677688228580958,
    0.06982028851156954,
    0.06549958367367535,
    0.06637102075854835,
    0.06281533450021616,
    0.05505726159647908,
    0.05947529661285755,
    0.052054880306010354,
    0.050871183781329626,
    0.047476717116087294,
    0.04964410088232259,
    0.046245184057699444,
    0.04617615509063691,
    0.04108163652955876,
    0.04061227919691054,
    0.04089545989242356,
    0.03905968772023535,
    0.03536372833058733,
    0.038330411848128604,
    0.03481133913149691,
    0.03355023756985317,
    0.03002813641848924,
    0.03267661120999805,
    0.031667441417894245,
    0.028697564137999513,
    0.03208216621785823,
    0.028643863556711266,
    0.026166369414428615,
    0.025944969121395323,
    0.027052287619722927,
    0.026853790537685232,
    0.026231151452893033,
    0.0238934942423497
  ],
  "train_acc": [
    16.276,
    33.27,
    41.472,
    46.384,
    49.476,
    52.276,
    54.254,
    56.034,
    57.014,
    58.76,
    59.916,
    60.576,
    61.732,
    62.68,
    63.398,
    64.008,
    64.986,
    65.62,
    66.228,
    66.952,
    67.43,
    67.904,
    69.286,
    68.848,
    69.868,
    70.266,
    70.802,
    71.116,
    71.598,
    71.99,
    72.984,
    73.226,
    73.286,
    73.506,
    74.4,
    74.24,
    74.848,
    75.17,
    75.826,
    75.6,
    76.06,
    76.514,
    76.438,
    77.102,
    77.514,
    77.71,
    77.762,
    78.09,
    78.228,
    78.826
  ]
}