{
  "epochs": [
    1,
    2,
    3,
    4,
    5,
    6,
    7,
    8,
    9,
    10,
    11,
    12,
    13,
    14,
    15,
    16,
    17,
    18,
    19,
    20
  ],
  "train_loss": [
    3.8056177605143593,
    3.1216618246434593,
    2.80489014725551,
    2.6114099855008335,
    2.487471434161486,
    2.3774178278110827,
    2.2831092679592047,
    2.208938606864656,
    2.150079131431287,
    2.099110813092088,
    2.0506323548534033,
    2.000012963934018,
    1.978412915068819,
    1.93237878386017,
    1.9111401187184522,
    1.8780765021243668,
    1.845224686900673,
    1.8345054095358495,
    1.814144266840747,
    1.792632502363161
  ],
  "train_acc": [
    12.344,
    24.098,
    29.922,
    33.874,
    36.402,
    38.808,
    40.752,
    42.542,
    43.674,
    44.75,
    45.958,
    47.19,
    47.474,
    48.522,
    48.938,
    49.368,
    50.114,
    50.606,
    50.966,
    51.568
  ]
}