{
  "epochs": [
    1,
    2,
    3,
    4,
    5,
    6,
    7,
    8,
    9,
    10,
    11,
    12,
    13,
    14,
    15,
    16,
    17,
    18,
    19,
    20,
    21,
    22,
    23,
    24,
    25,
    26,
    27,
    28,
    29,
    30,
    31,
    32,
    33,
    34,
    35,
    36,
    37,
    38,
    39,
    40,
    41,
    42,
    43,
    44,
    45,
    46,
    47,
    48,
    49,
    50
  ],
  "train_loss": [
    4.229181625044254,
    3.5902358314875142,
    3.060806765275843,
    2.660683097741793,
    2.4574800415722002,
    2.1866510728436053,
    2.0011042368686414,
    1.8435516186687342,
    1.692032817684476,
    1.570344077656641,
    1.4605137615862405,
    1.3681583599666196,
    1.2882389924715243,
    1.215374267619589,
    1.1203002121747303,
    1.058299628517512,
    0.9833798339909605,
    0.9206848171970728,
    0.857794853732409,
    0.7983766847559254,
    0.7357004069153915,
    0.6701161564920869,
    0.6128001693264603,
    0.5706559232891063,
    0.5270194274842587,
    0.4558021087018425,
    0.4190176979202749,
    0.3717921554584942,
    0.32951146829158756,
    0.29264944948046406,
    0.25992002511573264,
    0.22777856272809646,
    0.19861551389441162,
    0.17228837194078414,
    0.15150253927273213,
    0.13329111148253123,
    0.11328108964102043,
    0.10146898280857775,
    0.08846894465863248,
    0.07816464554928147,
    0.0676468744769197,
    0.05848987439356725,
    0.052005597749901246,
    0.047300626187944964,
    0.042035439043351074,
    0.039082387819543214,
    0.03693630126878962,
    0.03332217262886331,
    0.03363510407566967,
    0.031752617134119546
  ],
  "train_acc": [
    5.382,
    13.46,
    22.174,
    30.184,
    34.676,
    40.314,
    44.764,
    48.562,
    52.25,
    55.594,
    57.932,
    60.312,
    62.292,
    64.342,
    66.68,
    68.276,
    70.26,
    71.956,
    73.844,
    75.3,
    77.198,
    78.756,
    80.594,
    81.632,
    82.994,
    85.156,
    86.092,
    87.558,
    89.002,
    90.232,
    91.164,
    92.244,
    93.258,
    94.174,
    94.912,
    95.532,
    96.24,
    96.63,
    97.08,
    97.376,
    97.796,
    98.154,
    98.296,
    98.486,
    98.646,
    98.802,
    98.878,
    99.002,
    98.976,
    99.03
  ]
}